location_id,species_id,method,time_of_day,rate,min_level,max_level,condition_note
24,904,SURF,ANY,30,45,45,Surfing + Incense Burner
24,904,SURF,ANY,30,45,45,Surfing + Incense Burner
24,72,SURF,ANY,60,45,45,
24,422,SURF,ANY,30,45,45,
24,73,SURF,ANY,5,45,45,
24,423,SURF,ANY,4,45,45,
24,423,SURF,ANY,1,45,45,
24,129,OLD_ROD,ANY,60,10,10,
24,456,OLD_ROD,ANY,30,10,10,
24,120,OLD_ROD,ANY,5,10,10,
24,120,OLD_ROD,ANY,4,10,10,
24,120,OLD_ROD,ANY,1,10,10,
24,129,GOOD_ROD,ANY,60,25,25,
24,456,GOOD_ROD,ANY,30,25,25,
24,120,GOOD_ROD,ANY,5,25,25,
24,120,GOOD_ROD,ANY,4,25,25,
24,120,GOOD_ROD,ANY,1,25,25,
24,130,SUPER_ROD,ANY,60,50,50,
24,457,SUPER_ROD,ANY,30,50,50,
24,121,SUPER_ROD,ANY,5,50,50,
24,121,SUPER_ROD,ANY,4,50,50,
24,121,SUPER_ROD,ANY,1,50,50,
54,211,SURF,ANY,30,40,40,Surfing + Incense Burner (Hisuian form)
54,54,SURF,ANY,60,40,40,
54,54,SURF,ANY,30,40,40,
54,55,SURF,ANY,5,40,40,
54,55,SURF,ANY,4,40,40,
54,55,SURF,ANY,1,40,40,
54,129,OLD_ROD,ANY,60,10,10,
54,60,OLD_ROD,ANY,30,10,10,
54,147,OLD_ROD,ANY,5,10,10,
54,147,OLD_ROD,ANY,4,10,10,
54,147,OLD_ROD,ANY,1,10,10,
54,129,GOOD_ROD,ANY,60,25,25,
54,60,GOOD_ROD,ANY,30,25,25,
54,147,GOOD_ROD,ANY,5,25,25,
54,147,GOOD_ROD,ANY,4,25,25,
54,147,GOOD_ROD,ANY,1,25,25,
54,130,SUPER_ROD,ANY,60,50,50,
54,61,SUPER_ROD,ANY,30,50,50,
54,148,SUPER_ROD,ANY,5,50,50,
54,148,SUPER_ROD,ANY,4,50,50,
54,148,SUPER_ROD,ANY,1,50,50,
110,211,SURF,ANY,30,40,40,Surfing + Incense Burner (Hisuian form)
110,72,SURF,ANY,60,40,40,
110,422,SURF,ANY,30,40,40,East Sea form
110,73,SURF,ANY,5,40,40,
110,423,SURF,ANY,4,40,40,
110,423,SURF,ANY,1,40,40,
110,129,OLD_ROD,ANY,60,10,10,
110,60,OLD_ROD,ANY,30,10,10,
110,318,OLD_ROD,ANY,5,10,10,
110,318,OLD_ROD,ANY,4,10,10,
110,318,OLD_ROD,ANY,1,10,10,
110,129,GOOD_ROD,ANY,60,25,25,
110,60,GOOD_ROD,ANY,30,25,25,
110,318,GOOD_ROD,ANY,5,25,25,
110,318,GOOD_ROD,ANY,4,25,25,
110,318,GOOD_ROD,ANY,1,25,25,
110,130,SUPER_ROD,ANY,60,50,50,
110,61,SUPER_ROD,ANY,30,50,50,
110,319,SUPER_ROD,ANY,5,50,50,
110,319,SUPER_ROD,ANY,4,50,50,
110,319,SUPER_ROD,ANY,1,50,50,
142,864,SURF,ANY,30,60,60,Surfing + Incense Burner
142,73,SURF,ANY,60,60,60,
142,279,SURF,ANY,30,60,60,
142,226,SURF,ANY,5,60,60,
142,226,SURF,ANY,4,60,60,
142,226,SURF,ANY,1,60,60,
142,129,OLD_ROD,ANY,60,10,10,
142,98,OLD_ROD,ANY,30,10,10,
142,120,OLD_ROD,ANY,5,10,10,
142,120,OLD_ROD,ANY,4,10,10,
142,120,OLD_ROD,ANY,1,10,10,
142,129,GOOD_ROD,ANY,60,25,25,
142,98,GOOD_ROD,ANY,30,25,25,
142,120,GOOD_ROD,ANY,5,25,25,
142,120,GOOD_ROD,ANY,4,25,25,
142,120,GOOD_ROD,ANY,1,25,25,
142,130,SUPER_ROD,ANY,60,50,50,
142,99,SUPER_ROD,ANY,30,50,50,
142,121,SUPER_ROD,ANY,5,50,50,
142,121,SUPER_ROD,ANY,4,50,50,
142,121,SUPER_ROD,ANY,1,50,50,
167,199,SURF,ANY,30,60,60,Surfing + Incense Burner (Galarian form)
167,73,SURF,ANY,60,60,60,
167,279,SURF,ANY,30,60,60,
167,226,SURF,ANY,5,60,60,
167,226,SURF,ANY,4,60,60,
167,226,SURF,ANY,1,60,60,
167,129,OLD_ROD,ANY,60,10,10,
167,370,OLD_ROD,ANY,30,10,10,
167,222,OLD_ROD,ANY,5,10,10,
167,222,OLD_ROD,ANY,4,10,10,
167,222,OLD_ROD,ANY,1,10,10,
167,129,GOOD_ROD,ANY,60,25,25,
167,370,GOOD_ROD,ANY,30,25,25,
167,222,GOOD_ROD,ANY,5,25,25,
167,222,GOOD_ROD,ANY,4,25,25,
167,222,GOOD_ROD,ANY,1,25,25,
167,130,SUPER_ROD,ANY,60,50,50,
167,370,SUPER_ROD,ANY,30,50,50,
167,222,SUPER_ROD,ANY,5,50,50,
167,222,SUPER_ROD,ANY,4,50,50,
167,222,SUPER_ROD,ANY,1,50,50,
195,74,WALK,ANY,20,10,10,
195,41,WALK,ANY,20,10,10,
195,328,WALK,MORNING,10,10,10,
195,293,WALK,MORNING,10,10,10,
195,293,WALK,ANY,10,10,10,
195,304,WALK,ANY,10,10,10,
195,95,WALK,ANY,5,10,10,
195,74,WALK,ANY,5,10,10,
195,95,WALK,ANY,4,10,10,
195,41,WALK,ANY,4,10,10,
195,95,WALK,ANY,1,10,10,
195,41,WALK,ANY,1,10,10,
195,328,SWARM,ANY,20,10,10,Swarm
195,328,WALK,DAY,10,10,10,
195,293,WALK,DAY,10,10,10,
195,328,WALK,NIGHT,10,10,10,
195,293,WALK,NIGHT,10,10,10,
195,41,RADAR,ANY,20,10,10,PokeRadar
195,50,WALK,ANY,10,10,10,Incense Burner (Alolan form)
195,50,WALK,ANY,10,10,10,Incense Burner (Alolan form)
196,74,WALK,ANY,20,11,11,
196,41,WALK,ANY,20,11,11,
196,328,WALK,MORNING,10,11,11,
196,293,WALK,MORNING,10,11,11,
196,293,WALK,ANY,10,11,11,
196,304,WALK,ANY,10,11,11,
196,95,WALK,ANY,5,11,11,
196,74,WALK,ANY,5,11,11,
196,95,WALK,ANY,4,11,11,
196,41,WALK,ANY,4,11,11,
196,95,WALK,ANY,1,11,11,
196,41,WALK,ANY,1,11,11,
196,328,SWARM,ANY,20,11,11,Swarm
196,328,WALK,DAY,10,11,11,
196,293,WALK,DAY,10,11,11,
196,328,WALK,NIGHT,10,11,11,
196,293,WALK,NIGHT,10,11,11,
196,74,RADAR,ANY,20,11,11,PokeRadar
196,50,WALK,ANY,10,11,11,Incense Burner (Alolan form)
196,50,WALK,ANY,10,11,11,Incense Burner (Alolan form)
197,81,WALK,ANY,20,13,13,
197,239,WALK,ANY,20,13,13,
197,100,WALK,MORNING,10,13,13,
197,309,WALK,MORNING,10,13,13,
197,100,WALK,ANY,10,13,13,
197,309,WALK,ANY,10,13,13,
197,425,WALK,ANY,5,13,13,
197,425,WALK,ANY,5,13,13,
197,417,WALK,ANY,4,13,13,
197,417,WALK,ANY,4,13,13,
197,417,WALK,ANY,1,13,13,
197,417,WALK,ANY,1,13,13,
197,100,SWARM,ANY,20,13,13,Swarm
197,100,WALK,DAY,10,13,13,
197,309,WALK,DAY,10,13,13,
197,100,WALK,NIGHT,10,13,13,
197,309,WALK,NIGHT,10,13,13,
197,311,RADAR,ANY,20,13,13,PokeRadar
197,100,WALK,ANY,10,13,13,Incense Burner (Hisuian form)
197,100,WALK,ANY,10,13,13,Incense Burner (Hisuian form)
197,222,SURF,ANY,30,40,40,Surfing + Incense Burner (Galarian form)
197,422,SURF,ANY,60,40,40,
197,72,SURF,ANY,30,40,40,
197,423,SURF,ANY,5,40,40,
197,73,SURF,ANY,4,40,40,
197,73,SURF,ANY,1,40,40,
197,129,OLD_ROD,ANY,60,10,10,
197,90,OLD_ROD,ANY,30,10,10,
197,170,OLD_ROD,ANY,5,10,10,
197,170,OLD_ROD,ANY,4,10,10,
197,170,OLD_ROD,ANY,1,10,10,
197,129,GOOD_ROD,ANY,60,25,25,
197,90,GOOD_ROD,ANY,30,25,25,
197,170,GOOD_ROD,ANY,5,25,25,
197,170,GOOD_ROD,ANY,4,25,25,
197,170,GOOD_ROD,ANY,1,25,25,
197,130,SUPER_ROD,ANY,60,50,50,
197,91,SUPER_ROD,ANY,30,50,50,
197,171,SUPER_ROD,ANY,5,50,50,
197,171,SUPER_ROD,ANY,4,50,50,
197,171,SUPER_ROD,ANY,1,50,50,
200,427,WALK,ANY,20,16,16,
200,285,WALK,ANY,20,16,16,
200,46,WALK,MORNING,10,16,16,
200,46,WALK,MORNING,10,16,16,
200,287,WALK,ANY,10,16,16,
200,290,WALK,ANY,10,16,16,
200,427,WALK,ANY,5,16,16,
200,276,WALK,ANY,5,16,16,
200,427,WALK,ANY,4,16,16,
200,276,WALK,ANY,4,16,16,
200,427,WALK,ANY,1,16,16,
200,276,WALK,ANY,1,16,16,
200,46,SWARM,ANY,20,16,16,Swarm
200,46,WALK,DAY,10,16,16,
200,46,WALK,DAY,10,16,16,
200,198,WALK,NIGHT,10,16,16,
200,200,WALK,NIGHT,10,16,16,
200,265,RADAR,ANY,20,16,16,PokeRadar
200,234,WALK,ANY,10,16,16,Incense Burner
200,234,WALK,ANY,10,16,16,Incense Burner
201,81,WALK,ANY,20,40,40,
201,82,WALK,ANY,20,40,40,
201,310,WALK,MORNING,10,40,40,
201,205,WALK,MORNING,10,40,40,
201,126,WALK,ANY,10,40,40,
201,81,WALK,ANY,10,40,40,
201,310,WALK,ANY,5,40,40,
201,205,WALK,ANY,5,40,40,
201,126,WALK,ANY,4,40,40,
201,126,WALK,ANY,4,40,40,
201,126,WALK,ANY,1,40,40,
201,126,WALK,ANY,1,40,40,
201,310,SWARM,ANY,20,40,40,Swarm
201,310,WALK,DAY,10,40,40,
201,205,WALK,DAY,10,40,40,
201,310,WALK,NIGHT,10,40,40,
201,205,WALK,NIGHT,10,40,40,
201,110,RADAR,ANY,20,40,40,PokeRadar
201,89,WALK,ANY,10,40,40,Incense Burner (Alolan form)
201,89,WALK,ANY,10,40,40,Incense Burner (Alolan form)
201,222,SURF,ANY,30,45,45,Surfing + Incense Burner (Galarian form)
201,72,SURF,ANY,60,45,45,
201,422,SURF,ANY,30,45,45,
201,73,SURF,ANY,5,45,45,
201,73,SURF,ANY,4,45,45,
201,423,SURF,ANY,1,45,45,
201,129,OLD_ROD,ANY,60,10,10,
201,129,OLD_ROD,ANY,30,10,10,
201,129,OLD_ROD,ANY,5,10,10,
201,129,OLD_ROD,ANY,4,10,10,
201,129,OLD_ROD,ANY,1,10,10,
201,129,GOOD_ROD,ANY,60,25,25,
201,456,GOOD_ROD,ANY,30,25,25,
201,129,GOOD_ROD,ANY,5,25,25,
201,456,GOOD_ROD,ANY,4,25,25,
201,456,GOOD_ROD,ANY,1,25,25,
201,130,SUPER_ROD,ANY,60,50,50,
201,457,SUPER_ROD,ANY,30,50,50,
201,90,SUPER_ROD,ANY,5,50,50,
201,457,SUPER_ROD,ANY,4,50,50,
201,457,SUPER_ROD,ANY,1,50,50,
203,74,WALK,ANY,20,23,23,
203,436,WALK,ANY,20,23,23,
203,35,WALK,MORNING,10,23,23,
203,299,WALK,MORNING,10,23,23,
203,358,WALK,ANY,10,23,23,
203,375,WALK,ANY,10,23,23,
203,42,WALK,ANY,5,23,23,
203,42,WALK,ANY,5,23,23,
203,338,WALK,ANY,4,23,23,
203,337,WALK,ANY,4,23,23,
203,338,WALK,ANY,1,23,23,
203,337,WALK,ANY,1,23,23,
203,35,SWARM,ANY,20,23,23,Swarm
203,35,WALK,DAY,10,23,23,
203,299,WALK,DAY,10,23,23,
203,35,WALK,NIGHT,10,23,23,
203,299,WALK,NIGHT,10,23,23,
203,337,RADAR,ANY,20,23,23,PokeRadar
203,74,WALK,ANY,10,23,23,Incense Burner (Alolan form)
203,74,WALK,ANY,10,23,23,Incense Burner (Alolan form)
203,79,SURF,ANY,30,40,40,Surfing + Incense Burner (Galarian form)
203,41,SURF,ANY,60,40,40,
203,41,SURF,ANY,30,40,40,
203,42,SURF,ANY,5,40,40,
203,42,SURF,ANY,4,40,40,
203,42,SURF,ANY,1,40,40,
203,129,OLD_ROD,ANY,60,10,10,
203,129,OLD_ROD,ANY,30,10,10,
203,129,OLD_ROD,ANY,5,10,10,
203,129,OLD_ROD,ANY,4,10,10,
203,129,OLD_ROD,ANY,1,10,10,
203,129,GOOD_ROD,ANY,60,25,25,
203,339,GOOD_ROD,ANY,30,25,25,
203,129,GOOD_ROD,ANY,5,25,25,
203,339,GOOD_ROD,ANY,4,25,25,
203,339,GOOD_ROD,ANY,1,25,25,
203,130,SUPER_ROD,ANY,60,50,50,
203,340,SUPER_ROD,ANY,30,50,50,
203,130,SUPER_ROD,ANY,5,50,50,
203,340,SUPER_ROD,ANY,4,50,50,
203,340,SUPER_ROD,ANY,1,50,50,
204,437,WALK,ANY,20,51,51,
204,75,WALK,ANY,20,51,51,
204,35,WALK,MORNING,10,51,51,
204,299,WALK,MORNING,10,51,51,
204,358,WALK,ANY,10,51,51,
204,42,WALK,ANY,10,51,51,
204,375,WALK,ANY,5,51,51,
204,375,WALK,ANY,5,51,51,
204,338,WALK,ANY,4,51,51,
204,337,WALK,ANY,4,51,51,
204,338,WALK,ANY,1,51,51,
204,337,WALK,ANY,1,51,51,
204,35,SWARM,ANY,20,51,51,Swarm
204,35,WALK,DAY,10,51,51,
204,299,WALK,DAY,10,51,51,
204,35,WALK,NIGHT,10,51,51,
204,299,WALK,NIGHT,10,51,51,
204,337,RADAR,ANY,20,51,51,PokeRadar
204,28,WALK,ANY,10,51,51,Incense Burner (Alolan form)
204,28,WALK,ANY,10,51,51,Incense Burner (Alolan form)
205,437,WALK,ANY,20,51,51,
205,75,WALK,ANY,20,51,51,
205,35,WALK,MORNING,10,51,51,
205,299,WALK,MORNING,10,51,51,
205,358,WALK,ANY,10,51,51,
205,42,WALK,ANY,10,51,51,
205,375,WALK,ANY,5,51,51,
205,375,WALK,ANY,5,51,51,
205,338,WALK,ANY,4,51,51,
205,337,WALK,ANY,4,51,51,
205,338,WALK,ANY,1,51,51,
205,337,WALK,ANY,1,51,51,
205,35,SWARM,ANY,20,51,51,Swarm
205,35,WALK,DAY,10,51,51,
205,299,WALK,DAY,10,51,51,
205,35,WALK,NIGHT,10,51,51,
205,299,WALK,NIGHT,10,51,51,
205,337,RADAR,ANY,20,51,51,PokeRadar
205,28,WALK,ANY,10,51,51,Incense Burner (Alolan form)
205,28,WALK,ANY,10,51,51,Incense Burner (Alolan form)
206,460,WALK,ANY,20,53,53,
206,308,WALK,ANY,20,53,53,
206,460,WALK,MORNING,10,53,53,
206,294,WALK,MORNING,10,53,53,
206,294,WALK,ANY,10,53,53,
206,359,WALK,ANY,10,53,53,
206,232,WALK,ANY,5,53,53,
206,217,WALK,ANY,5,53,53,
206,232,WALK,ANY,4,53,53,
206,217,WALK,ANY,4,53,53,
206,232,WALK,ANY,1,53,53,
206,217,WALK,ANY,1,53,53,
206,460,SWARM,ANY,20,53,53,Swarm
206,460,WALK,DAY,10,53,53,
206,294,WALK,DAY,10,53,53,
206,460,WALK,NIGHT,10,53,53,
206,294,WALK,NIGHT,10,53,53,
206,36,RADAR,ANY,20,53,53,PokeRadar
206,903,WALK,ANY,10,53,53,Incense Burner
206,903,WALK,ANY,10,53,53,Incense Burner
207,460,WALK,ANY,20,52,52,
207,308,WALK,ANY,20,52,52,
207,460,WALK,MORNING,10,52,52,
207,294,WALK,MORNING,10,52,52,
207,294,WALK,ANY,10,52,52,
207,359,WALK,ANY,10,52,52,
207,232,WALK,ANY,5,52,52,
207,217,WALK,ANY,5,52,52,
207,232,WALK,ANY,4,52,52,
207,217,WALK,ANY,4,52,52,
207,232,WALK,ANY,1,52,52,
207,217,WALK,ANY,1,52,52,
207,460,SWARM,ANY,20,52,52,Swarm
207,460,WALK,DAY,10,52,52,
207,294,WALK,DAY,10,52,52,
207,460,WALK,NIGHT,10,52,52,
207,294,WALK,NIGHT,10,52,52,
207,36,RADAR,ANY,20,52,52,PokeRadar
207,38,WALK,ANY,10,52,52,Incense Burner (Alolan form)
207,38,WALK,ANY,10,52,52,Incense Burner (Alolan form)
208,437,WALK,ANY,20,53,53,
208,75,WALK,ANY,20,53,53,
208,35,WALK,MORNING,10,53,53,
208,299,WALK,MORNING,10,53,53,
208,358,WALK,ANY,10,53,53,
208,42,WALK,ANY,10,53,53,
208,375,WALK,ANY,5,53,53,
208,375,WALK,ANY,5,53,53,
208,338,WALK,ANY,4,53,53,
208,337,WALK,ANY,4,53,53,
208,338,WALK,ANY,1,53,53,
208,337,WALK,ANY,1,53,53,
208,35,SWARM,ANY,20,53,53,Swarm
208,35,WALK,DAY,10,53,53,
208,299,WALK,DAY,10,53,53,
208,35,WALK,NIGHT,10,53,53,
208,299,WALK,NIGHT,10,53,53,
208,337,RADAR,ANY,20,53,53,PokeRadar
208,28,WALK,ANY,10,53,53,Incense Burner (Alolan form)
208,28,WALK,ANY,10,53,53,Incense Burner (Alolan form)
208,199,SURF,ANY,30,50,50,Surfing + Incense Burner (Galarian form)
208,41,SURF,ANY,60,50,50,
208,41,SURF,ANY,30,50,50,
208,42,SURF,ANY,5,50,50,
208,42,SURF,ANY,4,50,50,
208,42,SURF,ANY,1,50,50,
208,129,OLD_ROD,ANY,60,10,10,
208,116,OLD_ROD,ANY,30,10,10,
208,147,OLD_ROD,ANY,5,10,10,
208,147,OLD_ROD,ANY,4,10,10,
208,147,OLD_ROD,ANY,1,10,10,
208,129,GOOD_ROD,ANY,60,25,25,
208,116,GOOD_ROD,ANY,30,25,25,
208,147,GOOD_ROD,ANY,5,25,25,
208,147,GOOD_ROD,ANY,4,25,25,
208,147,GOOD_ROD,ANY,1,25,25,
208,130,SUPER_ROD,ANY,60,50,50,
208,117,SUPER_ROD,ANY,30,50,50,
208,148,SUPER_ROD,ANY,5,50,50,
208,148,SUPER_ROD,ANY,4,50,50,
208,148,SUPER_ROD,ANY,1,50,50,
209,75,WALK,ANY,20,53,53,
209,437,WALK,ANY,20,53,53,
209,35,WALK,MORNING,10,53,53,
209,299,WALK,MORNING,10,53,53,
209,358,WALK,ANY,10,53,53,
209,42,WALK,ANY,10,53,53,
209,375,WALK,ANY,5,53,53,
209,375,WALK,ANY,5,53,53,
209,338,WALK,ANY,4,53,53,
209,337,WALK,ANY,4,53,53,
209,338,WALK,ANY,1,53,53,
209,337,WALK,ANY,1,53,53,
209,35,SWARM,ANY,20,53,53,Swarm
209,35,WALK,DAY,10,53,53,
209,299,WALK,DAY,10,53,53,
209,35,WALK,NIGHT,10,53,53,
209,299,WALK,NIGHT,10,53,53,
209,337,RADAR,ANY,20,53,53,PokeRadar
209,28,WALK,ANY,10,53,53,Incense Burner (Alolan form)
209,28,WALK,ANY,10,53,53,Incense Burner (Alolan form)
210,75,WALK,ANY,20,53,53,
210,437,WALK,ANY,20,53,53,
210,35,WALK,MORNING,10,53,53,
210,299,WALK,MORNING,10,53,53,
210,358,WALK,ANY,10,53,53,
210,42,WALK,ANY,10,53,53,
210,375,WALK,ANY,5,53,53,
210,375,WALK,ANY,5,53,53,
210,338,WALK,ANY,4,53,53,
210,337,WALK,ANY,4,53,53,
210,338,WALK,ANY,1,53,53,
210,337,WALK,ANY,1,53,53,
210,35,SWARM,ANY,20,53,53,Swarm
210,35,WALK,DAY,10,53,53,
210,299,WALK,DAY,10,53,53,
210,35,WALK,NIGHT,10,53,53,
210,299,WALK,NIGHT,10,53,53,
210,337,RADAR,ANY,20,53,53,PokeRadar
210,28,WALK,ANY,10,53,53,Incense Burner (Alolan form)
210,28,WALK,ANY,10,53,53,Incense Burner (Alolan form)
211,75,WALK,ANY,20,53,53,
211,437,WALK,ANY,20,53,53,
211,35,WALK,MORNING,10,53,53,
211,299,WALK,MORNING,10,53,53,
211,358,WALK,ANY,10,53,53,
211,42,WALK,ANY,10,53,53,
211,375,WALK,ANY,5,53,53,
211,375,WALK,ANY,5,53,53,
211,338,WALK,ANY,4,53,53,
211,337,WALK,ANY,4,53,53,
211,338,WALK,ANY,1,53,53,
211,337,WALK,ANY,1,53,53,
211,35,SWARM,ANY,20,53,53,Swarm
211,35,WALK,DAY,10,53,53,
211,299,WALK,DAY,10,53,53,
211,35,WALK,NIGHT,10,53,53,
211,299,WALK,NIGHT,10,53,53,
211,337,RADAR,ANY,20,53,53,PokeRadar
211,28,WALK,ANY,10,53,53,Incense Burner (Alolan form)
211,28,WALK,ANY,10,53,53,Incense Burner (Alolan form)
212,74,WALK,ANY,20,19,19,
212,436,WALK,ANY,20,19,19,
212,35,WALK,MORNING,10,19,19,
212,299,WALK,MORNING,10,19,19,
212,374,WALK,ANY,10,19,19,
212,41,WALK,ANY,10,19,19,
212,358,WALK,ANY,5,19,19,
212,358,WALK,ANY,5,19,19,
212,338,WALK,ANY,4,19,19,
212,337,WALK,ANY,4,19,19,
212,338,WALK,ANY,1,19,19,
212,337,WALK,ANY,1,19,19,
212,35,SWARM,ANY,20,19,19,Swarm
212,35,WALK,DAY,10,19,19,
212,299,WALK,DAY,10,19,19,
212,35,WALK,NIGHT,10,19,19,
212,299,WALK,NIGHT,10,19,19,
212,337,RADAR,ANY,20,19,19,PokeRadar
212,88,WALK,ANY,10,19,19,Incense Burner (Alolan form)
212,88,WALK,ANY,10,19,19,Incense Burner (Alolan form)
213,74,WALK,ANY,20,19,19,
213,436,WALK,ANY,20,19,19,
213,35,WALK,MORNING,10,19,19,
213,299,WALK,MORNING,10,19,19,
213,374,WALK,ANY,10,19,19,
213,41,WALK,ANY,10,19,19,
213,358,WALK,ANY,5,19,19,
213,358,WALK,ANY,5,19,19,
213,338,WALK,ANY,4,19,19,
213,337,WALK,ANY,4,19,19,
213,338,WALK,ANY,1,19,19,
213,337,WALK,ANY,1,19,19,
213,35,SWARM,ANY,20,19,19,Swarm
213,35,WALK,DAY,10,19,19,
213,299,WALK,DAY,10,19,19,
213,35,WALK,NIGHT,10,19,19,
213,299,WALK,NIGHT,10,19,19,
213,337,RADAR,ANY,20,19,19,PokeRadar
213,88,WALK,ANY,10,19,19,Incense Burner (Alolan form)
213,88,WALK,ANY,10,19,19,Incense Burner (Alolan form)
214,74,WALK,ANY,20,18,18,
214,436,WALK,ANY,20,18,18,
214,173,WALK,MORNING,10,18,18,
214,374,WALK,MORNING,10,18,18,
214,433,WALK,ANY,10,18,18,
214,41,WALK,ANY,10,18,18,
214,299,WALK,ANY,5,18,18,
214,299,WALK,ANY,5,18,18,
214,338,WALK,ANY,4,18,18,
214,337,WALK,ANY,4,18,18,
214,338,WALK,ANY,1,18,18,
214,337,WALK,ANY,1,18,18,
214,173,SWARM,ANY,20,18,18,Swarm
214,173,WALK,DAY,10,18,18,
214,374,WALK,DAY,10,18,18,
214,173,WALK,NIGHT,10,18,18,
214,374,WALK,NIGHT,10,18,18,
214,337,RADAR,ANY,20,18,18,PokeRadar
214,88,WALK,ANY,10,18,18,Incense Burner (Alolan form)
214,88,WALK,ANY,10,18,18,Incense Burner (Alolan form)
215,74,WALK,ANY,20,20,20,
215,436,WALK,ANY,20,20,20,
215,35,WALK,MORNING,10,20,20,
215,299,WALK,MORNING,10,20,20,
215,358,WALK,ANY,10,20,20,
215,375,WALK,ANY,10,20,20,
215,41,WALK,ANY,5,20,20,
215,41,WALK,ANY,5,20,20,
215,338,WALK,ANY,4,20,20,
215,337,WALK,ANY,4,20,20,
215,338,WALK,ANY,1,20,20,
215,337,WALK,ANY,1,20,20,
215,35,SWARM,ANY,20,20,20,Swarm
215,35,WALK,DAY,10,20,20,
215,299,WALK,DAY,10,20,20,
215,35,WALK,NIGHT,10,20,20,
215,299,WALK,NIGHT,10,20,20,
215,337,RADAR,ANY,20,20,20,PokeRadar
215,88,WALK,ANY,10,20,20,Incense Burner (Alolan form)
215,88,WALK,ANY,10,20,20,Incense Burner (Alolan form)
215,79,SURF,ANY,30,45,45,Surfing + Incense Burner (Galarian form)
215,363,SURF,ANY,60,45,45,
215,86,SURF,ANY,30,45,45,
215,364,SURF,ANY,5,45,45,
215,364,SURF,ANY,4,45,45,
215,364,SURF,ANY,1,45,45,
215,349,OLD_ROD,ANY,60,10,10,
215,349,OLD_ROD,ANY,30,10,10,
215,349,OLD_ROD,ANY,5,10,10,
215,349,OLD_ROD,ANY,4,10,10,
215,349,OLD_ROD,ANY,1,10,10,
215,349,GOOD_ROD,ANY,60,25,25,
215,349,GOOD_ROD,ANY,30,25,25,
215,349,GOOD_ROD,ANY,5,25,25,
215,349,GOOD_ROD,ANY,4,25,25,
215,349,GOOD_ROD,ANY,1,25,25,
215,349,SUPER_ROD,ANY,60,50,50,
215,349,SUPER_ROD,ANY,30,50,50,
215,349,SUPER_ROD,ANY,5,50,50,
215,349,SUPER_ROD,ANY,4,50,50,
215,349,SUPER_ROD,ANY,1,50,50,
219,400,WALK,ANY,20,36,36,
219,195,WALK,ANY,20,36,36,
219,357,WALK,MORNING,10,36,36,
219,114,WALK,MORNING,10,36,36,
219,455,WALK,ANY,10,36,36,
219,357,WALK,ANY,10,36,36,
219,114,WALK,ANY,5,36,36,
219,114,WALK,ANY,5,36,36,
219,400,WALK,ANY,4,36,36,
219,400,WALK,ANY,4,36,36,
219,400,WALK,ANY,1,36,36,
219,400,WALK,ANY,1,36,36,
219,400,SWARM,ANY,20,36,36,Swarm
219,357,WALK,DAY,10,36,36,
219,114,WALK,DAY,10,36,36,
219,357,WALK,NIGHT,10,36,36,
219,114,WALK,NIGHT,10,36,36,
219,400,RADAR,ANY,20,36,36,PokeRadar
219,215,WALK,ANY,10,36,36,Incense Burner (Hisuian form)
219,215,WALK,ANY,10,36,36,Incense Burner (Hisuian form)
219,211,SURF,ANY,30,40,40,Surfing + Incense Burner (Hisuian form)
219,194,SURF,ANY,60,40,40,
219,194,SURF,ANY,30,40,40,
219,195,SURF,ANY,5,40,40,
219,195,SURF,ANY,4,40,40,
219,195,SURF,ANY,1,40,40,
219,129,OLD_ROD,ANY,60,10,10,
219,339,OLD_ROD,ANY,30,10,10,
219,318,OLD_ROD,ANY,5,10,10,
219,318,OLD_ROD,ANY,4,10,10,
219,318,OLD_ROD,ANY,1,10,10,
219,129,GOOD_ROD,ANY,60,25,25,
219,339,GOOD_ROD,ANY,30,25,25,
219,318,GOOD_ROD,ANY,5,25,25,
219,318,GOOD_ROD,ANY,4,25,25,
219,318,GOOD_ROD,ANY,1,25,25,
219,130,SUPER_ROD,ANY,60,50,50,
219,340,SUPER_ROD,ANY,30,50,50,
219,319,SUPER_ROD,ANY,5,50,50,
219,319,SUPER_ROD,ANY,4,50,50,
219,319,SUPER_ROD,ANY,1,50,50,
220,400,WALK,ANY,20,36,36,
220,195,WALK,ANY,20,36,36,
220,357,WALK,MORNING,10,36,36,
220,114,WALK,MORNING,10,36,36,
220,455,WALK,ANY,10,36,36,
220,357,WALK,ANY,10,36,36,
220,114,WALK,ANY,5,36,36,
220,114,WALK,ANY,5,36,36,
220,400,WALK,ANY,4,36,36,
220,400,WALK,ANY,4,36,36,
220,400,WALK,ANY,1,36,36,
220,400,WALK,ANY,1,36,36,
220,400,SWARM,ANY,20,36,36,Swarm
220,357,WALK,DAY,10,36,36,
220,114,WALK,DAY,10,36,36,
220,357,WALK,NIGHT,10,36,36,
220,114,WALK,NIGHT,10,36,36,
220,400,RADAR,ANY,20,36,36,PokeRadar
220,215,WALK,ANY,10,36,36,Incense Burner (Hisuian form)
220,215,WALK,ANY,10,36,36,Incense Burner (Hisuian form)
220,211,SURF,ANY,30,40,40,Surfing + Incense Burner (Hisuian form)
220,194,SURF,ANY,60,40,40,
220,194,SURF,ANY,30,40,40,
220,195,SURF,ANY,5,40,40,
220,195,SURF,ANY,4,40,40,
220,195,SURF,ANY,1,40,40,
220,129,OLD_ROD,ANY,60,10,10,
220,339,OLD_ROD,ANY,30,10,10,
220,318,OLD_ROD,ANY,5,10,10,
220,318,OLD_ROD,ANY,4,10,10,
220,318,OLD_ROD,ANY,1,10,10,
220,129,GOOD_ROD,ANY,60,25,25,
220,339,GOOD_ROD,ANY,30,25,25,
220,318,GOOD_ROD,ANY,5,25,25,
220,318,GOOD_ROD,ANY,4,25,25,
220,318,GOOD_ROD,ANY,1,25,25,
220,130,SUPER_ROD,ANY,60,50,50,
220,340,SUPER_ROD,ANY,30,50,50,
220,319,SUPER_ROD,ANY,5,50,50,
220,319,SUPER_ROD,ANY,4,50,50,
220,319,SUPER_ROD,ANY,1,50,50,
221,47,WALK,ANY,20,36,36,
221,102,WALK,ANY,20,36,36,
221,453,WALK,MORNING,10,36,36,
221,454,WALK,MORNING,10,36,36,
221,47,WALK,ANY,10,36,36,
221,453,WALK,ANY,10,36,36,
221,115,WALK,ANY,5,36,36,
221,193,WALK,ANY,5,36,36,
221,115,WALK,ANY,4,36,36,
221,193,WALK,ANY,4,36,36,
221,115,WALK,ANY,1,36,36,
221,193,WALK,ANY,1,36,36,
221,47,SWARM,ANY,20,36,36,Swarm
221,453,WALK,DAY,10,36,36,
221,454,WALK,DAY,10,36,36,
221,453,WALK,NIGHT,10,36,36,
221,454,WALK,NIGHT,10,36,36,
221,193,RADAR,ANY,20,36,36,PokeRadar
221,215,WALK,ANY,10,36,36,Incense Burner (Hisuian form)
221,215,WALK,ANY,10,36,36,Incense Burner (Hisuian form)
221,211,SURF,ANY,30,40,40,Surfing + Incense Burner (Hisuian form)
221,194,SURF,ANY,60,40,40,
221,194,SURF,ANY,30,40,40,
221,195,SURF,ANY,5,40,40,
221,195,SURF,ANY,4,40,40,
221,195,SURF,ANY,1,40,40,
221,129,OLD_ROD,ANY,60,10,10,
221,339,OLD_ROD,ANY,30,10,10,
221,318,OLD_ROD,ANY,5,10,10,
221,318,OLD_ROD,ANY,4,10,10,
221,318,OLD_ROD,ANY,1,10,10,
221,129,GOOD_ROD,ANY,60,25,25,
221,339,GOOD_ROD,ANY,30,25,25,
221,318,GOOD_ROD,ANY,5,25,25,
221,318,GOOD_ROD,ANY,4,25,25,
221,318,GOOD_ROD,ANY,1,25,25,
221,130,SUPER_ROD,ANY,60,50,50,
221,340,SUPER_ROD,ANY,30,50,50,
221,319,SUPER_ROD,ANY,5,50,50,
221,319,SUPER_ROD,ANY,4,50,50,
221,319,SUPER_ROD,ANY,1,50,50,
222,47,WALK,ANY,20,36,36,
222,102,WALK,ANY,20,36,36,
222,453,WALK,MORNING,10,36,36,
222,454,WALK,MORNING,10,36,36,
222,47,WALK,ANY,10,36,36,
222,453,WALK,ANY,10,36,36,
222,115,WALK,ANY,5,36,36,
222,193,WALK,ANY,5,36,36,
222,115,WALK,ANY,4,36,36,
222,193,WALK,ANY,4,36,36,
222,115,WALK,ANY,1,36,36,
222,193,WALK,ANY,1,36,36,
222,47,SWARM,ANY,20,36,36,Swarm
222,453,WALK,DAY,10,36,36,
222,454,WALK,DAY,10,36,36,
222,453,WALK,NIGHT,10,36,36,
222,454,WALK,NIGHT,10,36,36,
222,193,RADAR,ANY,20,36,36,PokeRadar
222,215,WALK,ANY,10,36,36,Incense Burner (Hisuian form)
222,215,WALK,ANY,10,36,36,Incense Burner (Hisuian form)
222,211,SURF,ANY,30,40,40,Surfing + Incense Burner (Hisuian form)
222,194,SURF,ANY,60,40,40,
222,194,SURF,ANY,30,40,40,
222,195,SURF,ANY,5,40,40,
222,195,SURF,ANY,4,40,40,
222,195,SURF,ANY,1,40,40,
222,129,OLD_ROD,ANY,60,10,10,
222,339,OLD_ROD,ANY,30,10,10,
222,318,OLD_ROD,ANY,5,10,10,
222,318,OLD_ROD,ANY,4,10,10,
222,318,OLD_ROD,ANY,1,10,10,
222,129,GOOD_ROD,ANY,60,25,25,
222,339,GOOD_ROD,ANY,30,25,25,
222,318,GOOD_ROD,ANY,5,25,25,
222,318,GOOD_ROD,ANY,4,25,25,
222,318,GOOD_ROD,ANY,1,25,25,
222,130,SUPER_ROD,ANY,60,50,50,
222,340,SUPER_ROD,ANY,30,50,50,
222,319,SUPER_ROD,ANY,5,50,50,
222,319,SUPER_ROD,ANY,4,50,50,
222,319,SUPER_ROD,ANY,1,50,50,
223,451,WALK,ANY,20,36,36,
223,316,WALK,ANY,20,36,36,
223,285,WALK,MORNING,10,36,36,
223,285,WALK,MORNING,10,36,36,
223,451,WALK,ANY,10,36,36,
223,452,WALK,ANY,10,36,36,
223,317,WALK,ANY,5,36,36,
223,286,WALK,ANY,5,36,36,
223,317,WALK,ANY,4,36,36,
223,286,WALK,ANY,4,36,36,
223,317,WALK,ANY,1,36,36,
223,286,WALK,ANY,1,36,36,
223,451,SWARM,ANY,20,36,36,Swarm
223,285,WALK,DAY,10,36,36,
223,285,WALK,DAY,10,36,36,
223,285,WALK,NIGHT,10,36,36,
223,285,WALK,NIGHT,10,36,36,
223,286,RADAR,ANY,20,36,36,PokeRadar
223,215,WALK,ANY,10,36,36,Incense Burner (Hisuian form)
223,215,WALK,ANY,10,36,36,Incense Burner (Hisuian form)
223,211,SURF,ANY,30,40,40,Surfing + Incense Burner (Hisuian form)
223,194,SURF,ANY,60,40,40,
223,194,SURF,ANY,30,40,40,
223,195,SURF,ANY,5,40,40,
223,195,SURF,ANY,4,40,40,
223,195,SURF,ANY,1,40,40,
223,129,OLD_ROD,ANY,60,10,10,
223,339,OLD_ROD,ANY,30,10,10,
223,318,OLD_ROD,ANY,5,10,10,
223,318,OLD_ROD,ANY,4,10,10,
223,318,OLD_ROD,ANY,1,10,10,
223,129,GOOD_ROD,ANY,60,25,25,
223,339,GOOD_ROD,ANY,30,25,25,
223,318,GOOD_ROD,ANY,5,25,25,
223,318,GOOD_ROD,ANY,4,25,25,
223,318,GOOD_ROD,ANY,1,25,25,
223,130,SUPER_ROD,ANY,60,50,50,
223,340,SUPER_ROD,ANY,30,50,50,
223,319,SUPER_ROD,ANY,5,50,50,
223,319,SUPER_ROD,ANY,4,50,50,
223,319,SUPER_ROD,ANY,1,50,50,
224,451,WALK,ANY,20,36,36,
224,316,WALK,ANY,20,36,36,
224,285,WALK,MORNING,10,36,36,
224,285,WALK,MORNING,10,36,36,
224,451,WALK,ANY,10,36,36,
224,452,WALK,ANY,10,36,36,
224,317,WALK,ANY,5,36,36,
224,286,WALK,ANY,5,36,36,
224,317,WALK,ANY,4,36,36,
224,286,WALK,ANY,4,36,36,
224,317,WALK,ANY,1,36,36,
224,286,WALK,ANY,1,36,36,
224,451,SWARM,ANY,20,36,36,Swarm
224,285,WALK,DAY,10,36,36,
224,285,WALK,DAY,10,36,36,
224,285,WALK,NIGHT,10,36,36,
224,285,WALK,NIGHT,10,36,36,
224,286,RADAR,ANY,20,36,36,PokeRadar
224,215,WALK,ANY,10,36,36,Incense Burner (Hisuian form)
224,215,WALK,ANY,10,36,36,Incense Burner (Hisuian form)
224,211,SURF,ANY,30,40,40,Surfing + Incense Burner (Hisuian form)
224,194,SURF,ANY,60,40,40,
224,194,SURF,ANY,30,40,40,
224,195,SURF,ANY,5,40,40,
224,195,SURF,ANY,4,40,40,
224,195,SURF,ANY,1,40,40,
224,129,OLD_ROD,ANY,60,10,10,
224,339,OLD_ROD,ANY,30,10,10,
224,318,OLD_ROD,ANY,5,10,10,
224,318,OLD_ROD,ANY,4,10,10,
224,318,OLD_ROD,ANY,1,10,10,
224,129,GOOD_ROD,ANY,60,25,25,
224,339,GOOD_ROD,ANY,30,25,25,
224,318,GOOD_ROD,ANY,5,25,25,
224,318,GOOD_ROD,ANY,4,25,25,
224,318,GOOD_ROD,ANY,1,25,25,
224,130,SUPER_ROD,ANY,60,50,50,
224,340,SUPER_ROD,ANY,30,50,50,
224,319,SUPER_ROD,ANY,5,50,50,
224,319,SUPER_ROD,ANY,4,50,50,
224,319,SUPER_ROD,ANY,1,50,50,
225,201,WALK,ANY,20,25,25,
225,201,WALK,ANY,20,25,25,
225,201,WALK,MORNING,10,25,25,
225,201,WALK,MORNING,10,25,25,
225,201,WALK,ANY,10,25,25,
225,201,WALK,ANY,10,25,25,
225,201,WALK,ANY,5,25,25,
225,201,WALK,ANY,5,25,25,
225,201,WALK,ANY,4,25,25,
225,201,WALK,ANY,4,25,25,
225,201,WALK,ANY,1,25,25,
225,201,WALK,ANY,1,25,25,
225,201,SWARM,ANY,20,25,25,Swarm
225,201,WALK,DAY,10,25,25,
225,201,WALK,DAY,10,25,25,
225,201,WALK,NIGHT,10,25,25,
225,201,WALK,NIGHT,10,25,25,
225,201,RADAR,ANY,20,25,25,PokeRadar
225,201,WALK,ANY,10,25,25,Incense Burner
225,201,WALK,ANY,10,25,25,Incense Burner
227,201,WALK,ANY,20,25,25,
227,201,WALK,ANY,20,25,25,
227,201,WALK,MORNING,10,25,25,
227,201,WALK,MORNING,10,25,25,
227,201,WALK,ANY,10,25,25,
227,201,WALK,ANY,10,25,25,
227,201,WALK,ANY,5,25,25,
227,201,WALK,ANY,5,25,25,
227,201,WALK,ANY,4,25,25,
227,201,WALK,ANY,4,25,25,
227,201,WALK,ANY,1,25,25,
227,201,WALK,ANY,1,25,25,
227,201,SWARM,ANY,20,25,25,Swarm
227,201,WALK,DAY,10,25,25,
227,201,WALK,DAY,10,25,25,
227,201,WALK,NIGHT,10,25,25,
227,201,WALK,NIGHT,10,25,25,
227,201,RADAR,ANY,20,25,25,PokeRadar
227,201,WALK,ANY,10,25,25,Incense Burner
227,201,WALK,ANY,10,25,25,Incense Burner
228,201,WALK,ANY,20,25,25,
228,201,WALK,ANY,20,25,25,
228,201,WALK,MORNING,10,25,25,
228,201,WALK,MORNING,10,25,25,
228,201,WALK,ANY,10,25,25,
228,201,WALK,ANY,10,25,25,
228,201,WALK,ANY,5,25,25,
228,201,WALK,ANY,5,25,25,
228,201,WALK,ANY,4,25,25,
228,201,WALK,ANY,4,25,25,
228,201,WALK,ANY,1,25,25,
228,201,WALK,ANY,1,25,25,
228,201,SWARM,ANY,20,25,25,Swarm
228,201,WALK,DAY,10,25,25,
228,201,WALK,DAY,10,25,25,
228,201,WALK,NIGHT,10,25,25,
228,201,WALK,NIGHT,10,25,25,
228,201,RADAR,ANY,20,25,25,PokeRadar
228,201,WALK,ANY,10,25,25,Incense Burner
228,201,WALK,ANY,10,25,25,Incense Burner
229,201,WALK,ANY,20,25,25,
229,201,WALK,ANY,20,25,25,
229,201,WALK,MORNING,10,25,25,
229,201,WALK,MORNING,10,25,25,
229,201,WALK,ANY,10,25,25,
229,201,WALK,ANY,10,25,25,
229,201,WALK,ANY,5,25,25,
229,201,WALK,ANY,5,25,25,
229,201,WALK,ANY,4,25,25,
229,201,WALK,ANY,4,25,25,
229,201,WALK,ANY,1,25,25,
229,201,WALK,ANY,1,25,25,
229,201,SWARM,ANY,20,25,25,Swarm
229,201,WALK,DAY,10,25,25,
229,201,WALK,DAY,10,25,25,
229,201,WALK,NIGHT,10,25,25,
229,201,WALK,NIGHT,10,25,25,
229,201,RADAR,ANY,20,25,25,PokeRadar
229,201,WALK,ANY,10,25,25,Incense Burner
229,201,WALK,ANY,10,25,25,Incense Burner
230,201,WALK,ANY,20,25,25,
230,201,WALK,ANY,20,25,25,
230,201,WALK,MORNING,10,25,25,
230,201,WALK,MORNING,10,25,25,
230,201,WALK,ANY,10,25,25,
230,201,WALK,ANY,10,25,25,
230,201,WALK,ANY,5,25,25,
230,201,WALK,ANY,5,25,25,
230,201,WALK,ANY,4,25,25,
230,201,WALK,ANY,4,25,25,
230,201,WALK,ANY,1,25,25,
230,201,WALK,ANY,1,25,25,
230,201,SWARM,ANY,20,25,25,Swarm
230,201,WALK,DAY,10,25,25,
230,201,WALK,DAY,10,25,25,
230,201,WALK,NIGHT,10,25,25,
230,201,WALK,NIGHT,10,25,25,
230,201,RADAR,ANY,20,25,25,PokeRadar
230,201,WALK,ANY,10,25,25,Incense Burner
230,201,WALK,ANY,10,25,25,Incense Burner
231,201,WALK,ANY,20,25,25,
231,201,WALK,ANY,20,25,25,
231,201,WALK,MORNING,10,25,25,
231,201,WALK,MORNING,10,25,25,
231,201,WALK,ANY,10,25,25,
231,201,WALK,ANY,10,25,25,
231,201,WALK,ANY,5,25,25,
231,201,WALK,ANY,5,25,25,
231,201,WALK,ANY,4,25,25,
231,201,WALK,ANY,4,25,25,
231,201,WALK,ANY,1,25,25,
231,201,WALK,ANY,1,25,25,
231,201,SWARM,ANY,20,25,25,Swarm
231,201,WALK,DAY,10,25,25,
231,201,WALK,DAY,10,25,25,
231,201,WALK,NIGHT,10,25,25,
231,201,WALK,NIGHT,10,25,25,
231,201,RADAR,ANY,20,25,25,PokeRadar
231,201,WALK,ANY,10,25,25,Incense Burner
231,201,WALK,ANY,10,25,25,Incense Burner
232,201,WALK,ANY,20,25,25,
232,201,WALK,ANY,20,25,25,
232,201,WALK,MORNING,10,25,25,
232,201,WALK,MORNING,10,25,25,
232,201,WALK,ANY,10,25,25,
232,201,WALK,ANY,10,25,25,
232,201,WALK,ANY,5,25,25,
232,201,WALK,ANY,5,25,25,
232,201,WALK,ANY,4,25,25,
232,201,WALK,ANY,4,25,25,
232,201,WALK,ANY,1,25,25,
232,201,WALK,ANY,1,25,25,
232,201,SWARM,ANY,20,25,25,Swarm
232,201,WALK,DAY,10,25,25,
232,201,WALK,DAY,10,25,25,
232,201,WALK,NIGHT,10,25,25,
232,201,WALK,NIGHT,10,25,25,
232,201,RADAR,ANY,20,25,25,PokeRadar
232,201,WALK,ANY,10,25,25,Incense Burner
232,201,WALK,ANY,10,25,25,Incense Burner
233,201,WALK,ANY,20,25,25,
233,201,WALK,ANY,20,25,25,
233,201,WALK,MORNING,10,25,25,
233,201,WALK,MORNING,10,25,25,
233,201,WALK,ANY,10,25,25,
233,201,WALK,ANY,10,25,25,
233,201,WALK,ANY,5,25,25,
233,201,WALK,ANY,5,25,25,
233,201,WALK,ANY,4,25,25,
233,201,WALK,ANY,4,25,25,
233,201,WALK,ANY,1,25,25,
233,201,WALK,ANY,1,25,25,
233,201,SWARM,ANY,20,25,25,Swarm
233,201,WALK,DAY,10,25,25,
233,201,WALK,DAY,10,25,25,
233,201,WALK,NIGHT,10,25,25,
233,201,WALK,NIGHT,10,25,25,
233,201,RADAR,ANY,20,25,25,PokeRadar
233,201,WALK,ANY,10,25,25,Incense Burner
233,201,WALK,ANY,10,25,25,Incense Burner
234,201,WALK,ANY,20,25,25,
234,201,WALK,ANY,20,25,25,
234,201,WALK,MORNING,10,25,25,
234,201,WALK,MORNING,10,25,25,
234,201,WALK,ANY,10,25,25,
234,201,WALK,ANY,10,25,25,
234,201,WALK,ANY,5,25,25,
234,201,WALK,ANY,5,25,25,
234,201,WALK,ANY,4,25,25,
234,201,WALK,ANY,4,25,25,
234,201,WALK,ANY,1,25,25,
234,201,WALK,ANY,1,25,25,
234,201,SWARM,ANY,20,25,25,Swarm
234,201,WALK,DAY,10,25,25,
234,201,WALK,DAY,10,25,25,
234,201,WALK,NIGHT,10,25,25,
234,201,WALK,NIGHT,10,25,25,
234,201,RADAR,ANY,20,25,25,PokeRadar
234,201,WALK,ANY,10,25,25,Incense Burner
234,201,WALK,ANY,10,25,25,Incense Burner
235,201,WALK,ANY,20,25,25,
235,201,WALK,ANY,20,25,25,
235,201,WALK,MORNING,10,25,25,
235,201,WALK,MORNING,10,25,25,
235,201,WALK,ANY,10,25,25,
235,201,WALK,ANY,10,25,25,
235,201,WALK,ANY,5,25,25,
235,201,WALK,ANY,5,25,25,
235,201,WALK,ANY,4,25,25,
235,201,WALK,ANY,4,25,25,
235,201,WALK,ANY,1,25,25,
235,201,WALK,ANY,1,25,25,
235,201,SWARM,ANY,20,25,25,Swarm
235,201,WALK,DAY,10,25,25,
235,201,WALK,DAY,10,25,25,
235,201,WALK,NIGHT,10,25,25,
235,201,WALK,NIGHT,10,25,25,
235,201,RADAR,ANY,20,25,25,PokeRadar
235,201,WALK,ANY,10,25,25,Incense Burner
235,201,WALK,ANY,10,25,25,Incense Burner
236,201,WALK,ANY,20,25,25,
236,201,WALK,ANY,20,25,25,
236,201,WALK,MORNING,10,25,25,
236,201,WALK,MORNING,10,25,25,
236,201,WALK,ANY,10,25,25,
236,201,WALK,ANY,10,25,25,
236,201,WALK,ANY,5,25,25,
236,201,WALK,ANY,5,25,25,
236,201,WALK,ANY,4,25,25,
236,201,WALK,ANY,4,25,25,
236,201,WALK,ANY,1,25,25,
236,201,WALK,ANY,1,25,25,
236,201,SWARM,ANY,20,25,25,Swarm
236,201,WALK,DAY,10,25,25,
236,201,WALK,DAY,10,25,25,
236,201,WALK,NIGHT,10,25,25,
236,201,WALK,NIGHT,10,25,25,
236,201,RADAR,ANY,20,25,25,PokeRadar
236,201,WALK,ANY,10,25,25,Incense Burner
236,201,WALK,ANY,10,25,25,Incense Burner
237,201,WALK,ANY,20,25,25,
237,201,WALK,ANY,20,25,25,
237,201,WALK,MORNING,10,25,25,
237,201,WALK,MORNING,10,25,25,
237,201,WALK,ANY,10,25,25,
237,201,WALK,ANY,10,25,25,
237,201,WALK,ANY,5,25,25,
237,201,WALK,ANY,5,25,25,
237,201,WALK,ANY,4,25,25,
237,201,WALK,ANY,4,25,25,
237,201,WALK,ANY,1,25,25,
237,201,WALK,ANY,1,25,25,
237,201,SWARM,ANY,20,25,25,Swarm
237,201,WALK,DAY,10,25,25,
237,201,WALK,DAY,10,25,25,
237,201,WALK,NIGHT,10,25,25,
237,201,WALK,NIGHT,10,25,25,
237,201,RADAR,ANY,20,25,25,PokeRadar
237,201,WALK,ANY,10,25,25,Incense Burner
237,201,WALK,ANY,10,25,25,Incense Burner
238,201,WALK,ANY,20,25,25,
238,201,WALK,ANY,20,25,25,
238,201,WALK,MORNING,10,25,25,
238,201,WALK,MORNING,10,25,25,
238,201,WALK,ANY,10,25,25,
238,201,WALK,ANY,10,25,25,
238,201,WALK,ANY,5,25,25,
238,201,WALK,ANY,5,25,25,
238,201,WALK,ANY,4,25,25,
238,201,WALK,ANY,4,25,25,
238,201,WALK,ANY,1,25,25,
238,201,WALK,ANY,1,25,25,
238,201,SWARM,ANY,20,25,25,Swarm
238,201,WALK,DAY,10,25,25,
238,201,WALK,DAY,10,25,25,
238,201,WALK,NIGHT,10,25,25,
238,201,WALK,NIGHT,10,25,25,
238,201,RADAR,ANY,20,25,25,PokeRadar
238,201,WALK,ANY,10,25,25,Incense Burner
238,201,WALK,ANY,10,25,25,Incense Burner
239,201,WALK,ANY,20,25,25,
239,201,WALK,ANY,20,25,25,
239,201,WALK,MORNING,10,25,25,
239,201,WALK,MORNING,10,25,25,
239,201,WALK,ANY,10,25,25,
239,201,WALK,ANY,10,25,25,
239,201,WALK,ANY,5,25,25,
239,201,WALK,ANY,5,25,25,
239,201,WALK,ANY,4,25,25,
239,201,WALK,ANY,4,25,25,
239,201,WALK,ANY,1,25,25,
239,201,WALK,ANY,1,25,25,
239,201,SWARM,ANY,20,25,25,Swarm
239,201,WALK,DAY,10,25,25,
239,201,WALK,DAY,10,25,25,
239,201,WALK,NIGHT,10,25,25,
239,201,WALK,NIGHT,10,25,25,
239,201,RADAR,ANY,20,25,25,PokeRadar
239,201,WALK,ANY,10,25,25,Incense Burner
239,201,WALK,ANY,10,25,25,Incense Burner
240,201,WALK,ANY,20,25,25,
240,201,WALK,ANY,20,25,25,
240,201,WALK,MORNING,10,25,25,
240,201,WALK,MORNING,10,25,25,
240,201,WALK,ANY,10,25,25,
240,201,WALK,ANY,10,25,25,
240,201,WALK,ANY,5,25,25,
240,201,WALK,ANY,5,25,25,
240,201,WALK,ANY,4,25,25,
240,201,WALK,ANY,4,25,25,
240,201,WALK,ANY,1,25,25,
240,201,WALK,ANY,1,25,25,
240,201,SWARM,ANY,20,25,25,Swarm
240,201,WALK,DAY,10,25,25,
240,201,WALK,DAY,10,25,25,
240,201,WALK,NIGHT,10,25,25,
240,201,WALK,NIGHT,10,25,25,
240,201,RADAR,ANY,20,25,25,PokeRadar
240,201,WALK,ANY,10,25,25,Incense Burner
240,201,WALK,ANY,10,25,25,Incense Burner
241,201,WALK,ANY,20,25,25,
241,201,WALK,ANY,20,25,25,
241,201,WALK,MORNING,10,25,25,
241,201,WALK,MORNING,10,25,25,
241,201,WALK,ANY,10,25,25,
241,201,WALK,ANY,10,25,25,
241,201,WALK,ANY,5,25,25,
241,201,WALK,ANY,5,25,25,
241,201,WALK,ANY,4,25,25,
241,201,WALK,ANY,4,25,25,
241,201,WALK,ANY,1,25,25,
241,201,WALK,ANY,1,25,25,
241,201,SWARM,ANY,20,25,25,Swarm
241,201,WALK,DAY,10,25,25,
241,201,WALK,DAY,10,25,25,
241,201,WALK,NIGHT,10,25,25,
241,201,WALK,NIGHT,10,25,25,
241,201,RADAR,ANY,20,25,25,PokeRadar
241,201,WALK,ANY,10,25,25,Incense Burner
241,201,WALK,ANY,10,25,25,Incense Burner
242,201,WALK,ANY,20,25,25,
242,201,WALK,ANY,20,25,25,
242,201,WALK,MORNING,10,25,25,
242,201,WALK,MORNING,10,25,25,
242,201,WALK,ANY,10,25,25,
242,201,WALK,ANY,10,25,25,
242,201,WALK,ANY,5,25,25,
242,201,WALK,ANY,5,25,25,
242,201,WALK,ANY,4,25,25,
242,201,WALK,ANY,4,25,25,
242,201,WALK,ANY,1,25,25,
242,201,WALK,ANY,1,25,25,
242,201,SWARM,ANY,20,25,25,Swarm
242,201,WALK,DAY,10,25,25,
242,201,WALK,DAY,10,25,25,
242,201,WALK,NIGHT,10,25,25,
242,201,WALK,NIGHT,10,25,25,
242,201,RADAR,ANY,20,25,25,PokeRadar
242,201,WALK,ANY,10,25,25,Incense Burner
242,201,WALK,ANY,10,25,25,Incense Burner
243,201,WALK,ANY,20,25,25,
243,201,WALK,ANY,20,25,25,
243,201,WALK,MORNING,10,25,25,
243,201,WALK,MORNING,10,25,25,
243,201,WALK,ANY,10,25,25,
243,201,WALK,ANY,10,25,25,
243,201,WALK,ANY,5,25,25,
243,201,WALK,ANY,5,25,25,
243,201,WALK,ANY,4,25,25,
243,201,WALK,ANY,4,25,25,
243,201,WALK,ANY,1,25,25,
243,201,WALK,ANY,1,25,25,
243,201,SWARM,ANY,20,25,25,Swarm
243,201,WALK,DAY,10,25,25,
243,201,WALK,DAY,10,25,25,
243,201,WALK,NIGHT,10,25,25,
243,201,WALK,NIGHT,10,25,25,
243,201,RADAR,ANY,20,25,25,PokeRadar
243,201,WALK,ANY,10,25,25,Incense Burner
243,201,WALK,ANY,10,25,25,Incense Burner
244,67,WALK,ANY,20,59,59,
244,42,WALK,ANY,20,59,59,
244,75,WALK,MORNING,10,59,59,
244,308,WALK,MORNING,10,59,59,
244,297,WALK,ANY,10,59,59,
244,444,WALK,ANY,10,59,59,
244,112,WALK,ANY,5,59,59,
244,208,WALK,ANY,5,59,59,
244,112,WALK,ANY,4,59,59,
244,208,WALK,ANY,4,59,59,
244,112,WALK,ANY,1,59,59,
244,208,WALK,ANY,1,59,59,
244,75,SWARM,ANY,20,59,59,Swarm
244,75,WALK,DAY,10,59,59,
244,308,WALK,DAY,10,59,59,
244,75,WALK,NIGHT,10,59,59,
244,308,WALK,NIGHT,10,59,59,
244,208,RADAR,ANY,20,59,59,PokeRadar
244,76,WALK,ANY,10,59,59,Incense Burner (Alolan form)
244,76,WALK,ANY,10,59,59,Incense Burner (Alolan form)
245,208,WALK,ANY,20,59,59,
245,82,WALK,ANY,20,59,59,
245,75,WALK,MORNING,10,59,59,
245,64,WALK,MORNING,10,59,59,
245,108,WALK,ANY,10,59,59,
245,42,WALK,ANY,10,59,59,
245,105,WALK,ANY,5,59,59,
245,444,WALK,ANY,5,59,59,
245,105,WALK,ANY,4,59,59,
245,444,WALK,ANY,4,59,59,
245,105,WALK,ANY,1,59,59,
245,444,WALK,ANY,1,59,59,
245,75,SWARM,ANY,20,59,59,Swarm
245,75,WALK,DAY,10,59,59,
245,64,WALK,DAY,10,59,59,
245,75,WALK,NIGHT,10,59,59,
245,64,WALK,NIGHT,10,59,59,
245,444,RADAR,ANY,20,59,59,PokeRadar
245,76,WALK,ANY,10,59,59,Incense Burner (Alolan form)
245,76,WALK,ANY,10,59,59,Incense Burner (Alolan form)
246,184,WALK,ANY,20,59,59,
246,419,WALK,ANY,20,59,59,
246,75,WALK,MORNING,10,59,59,
246,303,WALK,MORNING,10,59,59,
246,302,WALK,ANY,10,59,59,
246,87,WALK,ANY,10,59,59,
246,42,WALK,ANY,5,59,59,
246,444,WALK,ANY,5,59,59,
246,42,WALK,ANY,4,59,59,
246,444,WALK,ANY,4,59,59,
246,42,WALK,ANY,1,59,59,
246,444,WALK,ANY,1,59,59,
246,75,SWARM,ANY,20,59,59,Swarm
246,75,WALK,DAY,10,59,59,
246,303,WALK,DAY,10,59,59,
246,75,WALK,NIGHT,10,59,59,
246,303,WALK,NIGHT,10,59,59,
246,444,RADAR,ANY,20,59,59,PokeRadar
246,76,WALK,ANY,10,59,59,Incense Burner (Alolan form)
246,76,WALK,ANY,10,59,59,Incense Burner (Alolan form)
246,80,SURF,ANY,30,60,60,Surfing + Incense Burner (Galarian form)
246,419,SURF,ANY,60,60,60,
246,419,SURF,ANY,30,60,60,
246,42,SURF,ANY,5,60,60,
246,42,SURF,ANY,4,60,60,
246,42,SURF,ANY,1,60,60,
246,129,OLD_ROD,ANY,60,10,10,
246,129,OLD_ROD,ANY,30,10,10,
246,129,OLD_ROD,ANY,5,10,10,
246,129,OLD_ROD,ANY,4,10,10,
246,129,OLD_ROD,ANY,1,10,10,
246,129,GOOD_ROD,ANY,60,25,25,
246,129,GOOD_ROD,ANY,30,25,25,
246,129,GOOD_ROD,ANY,5,25,25,
246,129,GOOD_ROD,ANY,4,25,25,
246,129,GOOD_ROD,ANY,1,25,25,
246,130,SUPER_ROD,ANY,60,50,50,
246,130,SUPER_ROD,ANY,30,50,50,
246,130,SUPER_ROD,ANY,5,50,50,
246,130,SUPER_ROD,ANY,4,50,50,
246,130,SUPER_ROD,ANY,1,50,50,
247,184,WALK,ANY,20,59,59,
247,419,WALK,ANY,20,59,59,
247,75,WALK,MORNING,10,59,59,
247,67,WALK,MORNING,10,59,59,
247,308,WALK,ANY,10,59,59,
247,87,WALK,ANY,10,59,59,
247,42,WALK,ANY,5,59,59,
247,444,WALK,ANY,5,59,59,
247,42,WALK,ANY,4,59,59,
247,444,WALK,ANY,4,59,59,
247,42,WALK,ANY,1,59,59,
247,444,WALK,ANY,1,59,59,
247,75,SWARM,ANY,20,59,59,Swarm
247,75,WALK,DAY,10,59,59,
247,67,WALK,DAY,10,59,59,
247,75,WALK,NIGHT,10,59,59,
247,67,WALK,NIGHT,10,59,59,
247,444,RADAR,ANY,20,59,59,PokeRadar
247,76,WALK,ANY,10,59,59,Incense Burner (Alolan form)
247,76,WALK,ANY,10,59,59,Incense Burner (Alolan form)
247,80,SURF,ANY,30,60,60,Surfing + Incense Burner (Galarian form)
247,364,SURF,ANY,60,60,60,
247,87,SURF,ANY,30,60,60,
247,131,SURF,ANY,5,60,60,
247,131,SURF,ANY,4,60,60,
247,131,SURF,ANY,1,60,60,
247,129,OLD_ROD,ANY,60,10,10,
247,129,OLD_ROD,ANY,30,10,10,
247,129,OLD_ROD,ANY,5,10,10,
247,129,OLD_ROD,ANY,4,10,10,
247,129,OLD_ROD,ANY,1,10,10,
247,129,GOOD_ROD,ANY,60,25,25,
247,129,GOOD_ROD,ANY,30,25,25,
247,129,GOOD_ROD,ANY,5,25,25,
247,129,GOOD_ROD,ANY,4,25,25,
247,129,GOOD_ROD,ANY,1,25,25,
247,130,SUPER_ROD,ANY,60,50,50,
247,130,SUPER_ROD,ANY,30,50,50,
247,130,SUPER_ROD,ANY,5,50,50,
247,130,SUPER_ROD,ANY,4,50,50,
247,130,SUPER_ROD,ANY,1,50,50,
248,184,WALK,ANY,20,59,59,
248,419,WALK,ANY,20,59,59,
248,75,WALK,MORNING,10,59,59,
248,67,WALK,MORNING,10,59,59,
248,308,WALK,ANY,10,59,59,
248,208,WALK,ANY,10,59,59,
248,42,WALK,ANY,5,59,59,
248,444,WALK,ANY,5,59,59,
248,42,WALK,ANY,4,59,59,
248,444,WALK,ANY,4,59,59,
248,42,WALK,ANY,1,59,59,
248,444,WALK,ANY,1,59,59,
248,75,SWARM,ANY,20,59,59,Swarm
248,75,WALK,DAY,10,59,59,
248,67,WALK,DAY,10,59,59,
248,75,WALK,NIGHT,10,59,59,
248,67,WALK,NIGHT,10,59,59,
248,444,RADAR,ANY,20,59,59,PokeRadar
248,76,WALK,ANY,10,59,59,Incense Burner (Alolan form)
248,76,WALK,ANY,10,59,59,Incense Burner (Alolan form)
249,184,WALK,ANY,20,59,59,
249,419,WALK,ANY,20,59,59,
249,75,WALK,MORNING,10,59,59,
249,67,WALK,MORNING,10,59,59,
249,308,WALK,ANY,10,59,59,
249,208,WALK,ANY,10,59,59,
249,42,WALK,ANY,5,59,59,
249,444,WALK,ANY,5,59,59,
249,42,WALK,ANY,4,59,59,
249,444,WALK,ANY,4,59,59,
249,42,WALK,ANY,1,59,59,
249,444,WALK,ANY,1,59,59,
249,75,SWARM,ANY,20,59,59,Swarm
249,75,WALK,DAY,10,59,59,
249,67,WALK,DAY,10,59,59,
249,75,WALK,NIGHT,10,59,59,
249,67,WALK,NIGHT,10,59,59,
249,444,RADAR,ANY,20,59,59,PokeRadar
249,76,WALK,ANY,10,59,59,Incense Burner (Alolan form)
249,76,WALK,ANY,10,59,59,Incense Burner (Alolan form)
252,41,WALK,ANY,20,8,8,
252,194,WALK,ANY,20,8,8,
252,74,WALK,MORNING,10,8,8,
252,54,WALK,MORNING,10,8,8,
252,27,WALK,ANY,10,8,8,
252,296,WALK,ANY,10,8,8,
252,41,WALK,ANY,5,8,8,
252,74,WALK,ANY,5,8,8,
252,41,WALK,ANY,4,8,8,
252,74,WALK,ANY,4,8,8,
252,41,WALK,ANY,1,8,8,
252,74,WALK,ANY,1,8,8,
252,74,SWARM,ANY,20,8,8,Swarm
252,74,WALK,DAY,10,8,8,
252,54,WALK,DAY,10,8,8,
252,74,WALK,NIGHT,10,8,8,
252,54,WALK,NIGHT,10,8,8,
252,74,RADAR,ANY,20,8,8,PokeRadar
252,74,WALK,ANY,10,8,8,Incense Burner (Alolan form)
252,74,WALK,ANY,10,8,8,Incense Burner (Alolan form)
252,211,SURF,ANY,30,40,40,Surfing + Incense Burner (Hisuian form)
252,194,SURF,ANY,60,40,40,
252,194,SURF,ANY,30,40,40,
252,195,SURF,ANY,5,40,40,
252,195,SURF,ANY,4,40,40,
252,195,SURF,ANY,1,40,40,
252,129,OLD_ROD,ANY,60,10,10,
252,339,OLD_ROD,ANY,30,10,10,
252,129,OLD_ROD,ANY,5,10,10,
252,129,OLD_ROD,ANY,4,10,10,
252,129,OLD_ROD,ANY,1,10,10,
252,129,GOOD_ROD,ANY,60,25,25,
252,339,GOOD_ROD,ANY,30,25,25,
252,129,GOOD_ROD,ANY,5,25,25,
252,339,GOOD_ROD,ANY,4,25,25,
252,339,GOOD_ROD,ANY,1,25,25,
252,130,SUPER_ROD,ANY,60,50,50,
252,340,SUPER_ROD,ANY,30,50,50,
252,130,SUPER_ROD,ANY,5,50,50,
252,340,SUPER_ROD,ANY,4,50,50,
252,340,SUPER_ROD,ANY,1,50,50,
255,41,WALK,ANY,20,9,9,
255,74,WALK,ANY,20,9,9,
255,50,WALK,MORNING,10,9,9,
255,447,WALK,MORNING,10,9,9,
255,41,WALK,ANY,10,9,9,
255,74,WALK,ANY,10,9,9,
255,41,WALK,ANY,5,9,9,
255,74,WALK,ANY,5,9,9,
255,50,WALK,ANY,4,8,9,
255,50,WALK,ANY,4,8,9,
255,50,WALK,ANY,1,9,9,
255,50,WALK,ANY,1,9,9,
255,50,SWARM,ANY,20,9,9,Swarm
255,50,WALK,DAY,10,9,9,
255,447,WALK,DAY,10,9,9,
255,50,WALK,NIGHT,10,9,9,
255,447,WALK,NIGHT,10,9,9,
255,50,RADAR,ANY,20,9,9,PokeRadar
255,50,WALK,ANY,10,9,9,Incense Burner (Alolan form)
255,50,WALK,ANY,10,9,9,Incense Burner (Alolan form)
256,41,WALK,ANY,20,10,10,
256,74,WALK,ANY,20,10,10,
256,50,WALK,MORNING,10,10,10,
256,447,WALK,MORNING,10,10,10,
256,41,WALK,ANY,10,10,10,
256,74,WALK,ANY,10,10,10,
256,41,WALK,ANY,5,10,10,
256,74,WALK,ANY,5,10,10,
256,50,WALK,ANY,4,10,10,
256,50,WALK,ANY,4,10,10,
256,50,WALK,ANY,1,10,10,
256,50,WALK,ANY,1,10,10,
256,50,SWARM,ANY,20,10,10,Swarm
256,50,WALK,DAY,10,10,10,
256,447,WALK,DAY,10,10,10,
256,50,WALK,NIGHT,10,10,10,
256,447,WALK,NIGHT,10,10,10,
256,50,RADAR,ANY,20,10,10,PokeRadar
256,50,WALK,ANY,10,10,10,Incense Burner (Alolan form)
256,50,WALK,ANY,10,10,10,Incense Burner (Alolan form)
256,79,SURF,ANY,30,40,40,Surfing + Incense Burner (Galarian form)
256,41,SURF,ANY,60,40,40,
256,41,SURF,ANY,30,40,40,
256,42,SURF,ANY,5,40,40,
256,42,SURF,ANY,4,40,40,
256,42,SURF,ANY,1,40,40,
256,129,OLD_ROD,ANY,60,10,10,
256,339,OLD_ROD,ANY,30,10,10,
256,339,OLD_ROD,ANY,5,10,10,
256,129,OLD_ROD,ANY,4,10,10,
256,129,OLD_ROD,ANY,1,10,10,
256,129,GOOD_ROD,ANY,60,25,25,
256,339,GOOD_ROD,ANY,30,25,25,
256,339,GOOD_ROD,ANY,5,25,25,
256,339,GOOD_ROD,ANY,4,25,25,
256,339,GOOD_ROD,ANY,1,25,25,
256,130,SUPER_ROD,ANY,60,50,50,
256,340,SUPER_ROD,ANY,30,50,50,
256,339,SUPER_ROD,ANY,5,50,50,
256,340,SUPER_ROD,ANY,4,50,50,
256,340,SUPER_ROD,ANY,1,50,50,
259,22,WALK,ANY,20,69,69,
259,112,WALK,ANY,20,69,69,
259,126,WALK,MORNING,10,69,69,
259,67,WALK,MORNING,10,69,69,
259,227,WALK,ANY,10,69,69,
259,207,WALK,ANY,10,69,69,
259,323,WALK,ANY,5,69,69,
259,324,WALK,ANY,5,69,69,
259,323,WALK,ANY,4,69,69,
259,324,WALK,ANY,4,69,69,
259,323,WALK,ANY,1,69,69,
259,324,WALK,ANY,1,69,69,
259,126,SWARM,ANY,20,69,69,Swarm
259,126,WALK,DAY,10,69,69,
259,67,WALK,DAY,10,69,69,
259,126,WALK,NIGHT,10,69,69,
259,67,WALK,NIGHT,10,69,69,
259,324,RADAR,ANY,20,69,69,PokeRadar
259,105,WALK,ANY,10,69,69,Incense Burner (Alolan form)
259,105,WALK,ANY,10,69,69,Incense Burner (Alolan form)
260,42,WALK,ANY,20,69,69,
260,112,WALK,ANY,20,69,69,
260,219,WALK,MORNING,10,69,69,
260,75,WALK,MORNING,10,69,69,
260,67,WALK,ANY,10,69,69,
260,324,WALK,ANY,10,69,69,
260,110,WALK,ANY,5,69,69,
260,89,WALK,ANY,5,69,69,
260,110,WALK,ANY,4,69,69,
260,89,WALK,ANY,4,69,69,
260,110,WALK,ANY,1,69,69,
260,89,WALK,ANY,1,69,69,
260,219,SWARM,ANY,20,69,69,Swarm
260,219,WALK,DAY,10,69,69,
260,75,WALK,DAY,10,69,69,
260,219,WALK,NIGHT,10,69,69,
260,75,WALK,NIGHT,10,69,69,
260,89,RADAR,ANY,20,69,69,PokeRadar
260,110,WALK,ANY,10,69,69,Incense Burner (Galarian form)
260,110,WALK,ANY,10,69,69,Incense Burner (Galarian form)
261,219,WALK,ANY,20,69,69,
261,112,WALK,ANY,20,69,69,
261,42,WALK,MORNING,10,69,69,
261,75,WALK,MORNING,10,69,69,
261,67,WALK,ANY,10,69,69,
261,324,WALK,ANY,10,69,69,
261,110,WALK,ANY,5,69,69,
261,89,WALK,ANY,5,69,69,
261,110,WALK,ANY,4,69,69,
261,89,WALK,ANY,4,69,69,
261,110,WALK,ANY,1,69,69,
261,89,WALK,ANY,1,69,69,
261,42,SWARM,ANY,20,69,69,Swarm
261,42,WALK,DAY,10,69,69,
261,75,WALK,DAY,10,69,69,
261,42,WALK,NIGHT,10,69,69,
261,75,WALK,NIGHT,10,69,69,
261,89,RADAR,ANY,20,69,69,PokeRadar
261,110,WALK,ANY,10,69,69,Incense Burner (Galarian form)
261,110,WALK,ANY,10,69,69,Incense Burner (Galarian form)
263,397,WALK,ANY,20,54,54,
263,400,WALK,ANY,20,54,54,
263,358,WALK,MORNING,10,54,54,
263,358,WALK,MORNING,10,54,54,
263,338,WALK,ANY,10,54,54,
263,337,WALK,ANY,10,54,54,
263,356,WALK,ANY,5,54,54,
263,397,WALK,ANY,5,54,54,
263,356,WALK,ANY,4,54,54,
263,397,WALK,ANY,4,54,54,
263,356,WALK,ANY,1,54,54,
263,397,WALK,ANY,1,54,54,
263,358,SWARM,ANY,20,54,54,Swarm
263,358,WALK,DAY,10,54,54,
263,358,WALK,DAY,10,54,54,
263,358,WALK,NIGHT,10,54,54,
263,358,WALK,NIGHT,10,54,54,
263,202,RADAR,ANY,20,54,54,PokeRadar
263,864,WALK,ANY,10,54,54,Incense Burner
263,864,WALK,ANY,10,54,54,Incense Burner
263,199,SURF,ANY,30,55,55,Surfing + Incense Burner (Galarian form)
263,55,SURF,ANY,60,55,55,
263,55,SURF,ANY,30,55,55,
263,55,SURF,ANY,5,55,55,
263,55,SURF,ANY,4,55,55,
263,55,SURF,ANY,1,55,55,
263,129,OLD_ROD,ANY,60,10,10,
263,129,OLD_ROD,ANY,30,10,10,
263,129,OLD_ROD,ANY,5,10,10,
263,129,OLD_ROD,ANY,4,10,10,
263,129,OLD_ROD,ANY,1,10,10,
263,129,GOOD_ROD,ANY,60,25,25,
263,129,GOOD_ROD,ANY,30,25,25,
263,129,GOOD_ROD,ANY,5,25,25,
263,129,GOOD_ROD,ANY,4,25,25,
263,129,GOOD_ROD,ANY,1,25,25,
263,130,SUPER_ROD,ANY,60,50,50,
263,130,SUPER_ROD,ANY,30,50,50,
263,130,SUPER_ROD,ANY,5,50,50,
263,130,SUPER_ROD,ANY,4,50,50,
263,130,SUPER_ROD,ANY,1,50,50,
264,42,WALK,ANY,20,66,66,
264,93,WALK,ANY,20,66,66,
264,356,WALK,MORNING,10,66,66,
264,354,WALK,MORNING,10,66,66,
264,437,WALK,ANY,10,66,66,
264,358,WALK,ANY,10,66,66,
264,337,WALK,ANY,5,66,66,
264,338,WALK,ANY,5,66,66,
264,337,WALK,ANY,4,66,66,
264,338,WALK,ANY,4,66,66,
264,337,WALK,ANY,1,66,66,
264,338,WALK,ANY,1,66,66,
264,356,SWARM,ANY,20,66,66,Swarm
264,356,WALK,DAY,10,66,66,
264,354,WALK,DAY,10,66,66,
264,356,WALK,NIGHT,10,66,66,
264,354,WALK,NIGHT,10,66,66,
264,338,RADAR,ANY,20,66,66,PokeRadar
264,157,WALK,ANY,10,66,66,Incense Burner (Hisuian form)
264,157,WALK,ANY,10,66,66,Incense Burner (Hisuian form)
265,42,WALK,ANY,20,66,66,
265,93,WALK,ANY,20,66,66,
265,356,WALK,MORNING,10,66,66,
265,354,WALK,MORNING,10,66,66,
265,437,WALK,ANY,10,66,66,
265,358,WALK,ANY,10,66,66,
265,337,WALK,ANY,5,66,66,
265,338,WALK,ANY,5,66,66,
265,337,WALK,ANY,4,66,66,
265,338,WALK,ANY,4,66,66,
265,337,WALK,ANY,1,66,66,
265,338,WALK,ANY,1,66,66,
265,356,SWARM,ANY,20,66,66,Swarm
265,356,WALK,DAY,10,66,66,
265,354,WALK,DAY,10,66,66,
265,356,WALK,NIGHT,10,66,66,
265,354,WALK,NIGHT,10,66,66,
265,338,RADAR,ANY,20,66,66,PokeRadar
265,157,WALK,ANY,10,66,66,Incense Burner (Hisuian form)
265,157,WALK,ANY,10,66,66,Incense Burner (Hisuian form)
266,42,WALK,ANY,20,66,66,
266,93,WALK,ANY,20,66,66,
266,356,WALK,MORNING,10,66,66,
266,354,WALK,MORNING,10,66,66,
266,437,WALK,ANY,10,66,66,
266,358,WALK,ANY,10,66,66,
266,337,WALK,ANY,5,66,66,
266,338,WALK,ANY,5,66,66,
266,337,WALK,ANY,4,66,66,
266,338,WALK,ANY,4,66,66,
266,337,WALK,ANY,1,66,66,
266,338,WALK,ANY,1,66,66,
266,356,SWARM,ANY,20,66,66,Swarm
266,356,WALK,DAY,10,66,66,
266,354,WALK,DAY,10,66,66,
266,356,WALK,NIGHT,10,66,66,
266,354,WALK,NIGHT,10,66,66,
266,338,RADAR,ANY,20,66,66,PokeRadar
266,157,WALK,ANY,10,66,66,Incense Burner (Hisuian form)
266,157,WALK,ANY,10,66,66,Incense Burner (Hisuian form)
267,42,WALK,ANY,20,66,66,
267,93,WALK,ANY,20,66,66,
267,356,WALK,MORNING,10,66,66,
267,354,WALK,MORNING,10,66,66,
267,437,WALK,ANY,10,66,66,
267,358,WALK,ANY,10,66,66,
267,337,WALK,ANY,5,66,66,
267,338,WALK,ANY,5,66,66,
267,337,WALK,ANY,4,66,66,
267,338,WALK,ANY,4,66,66,
267,337,WALK,ANY,1,66,66,
267,338,WALK,ANY,1,66,66,
267,356,SWARM,ANY,20,66,66,Swarm
267,356,WALK,DAY,10,66,66,
267,354,WALK,DAY,10,66,66,
267,356,WALK,NIGHT,10,66,66,
267,354,WALK,NIGHT,10,66,66,
267,338,RADAR,ANY,20,66,66,PokeRadar
267,157,WALK,ANY,10,66,66,Incense Burner (Hisuian form)
267,157,WALK,ANY,10,66,66,Incense Burner (Hisuian form)
268,42,WALK,ANY,20,66,66,
268,93,WALK,ANY,20,66,66,
268,356,WALK,MORNING,10,66,66,
268,354,WALK,MORNING,10,66,66,
268,437,WALK,ANY,10,66,66,
268,358,WALK,ANY,10,66,66,
268,337,WALK,ANY,5,66,66,
268,338,WALK,ANY,5,66,66,
268,337,WALK,ANY,4,66,66,
268,338,WALK,ANY,4,66,66,
268,337,WALK,ANY,1,66,66,
268,338,WALK,ANY,1,66,66,
268,356,SWARM,ANY,20,66,66,Swarm
268,356,WALK,DAY,10,66,66,
268,354,WALK,DAY,10,66,66,
268,356,WALK,NIGHT,10,66,66,
268,354,WALK,NIGHT,10,66,66,
268,338,RADAR,ANY,20,66,66,PokeRadar
268,157,WALK,ANY,10,66,66,Incense Burner (Hisuian form)
268,157,WALK,ANY,10,66,66,Incense Burner (Hisuian form)
269,42,WALK,ANY,20,66,66,
269,93,WALK,ANY,20,66,66,
269,356,WALK,MORNING,10,66,66,
269,354,WALK,MORNING,10,66,66,
269,437,WALK,ANY,10,66,66,
269,358,WALK,ANY,10,66,66,
269,337,WALK,ANY,5,66,66,
269,338,WALK,ANY,5,66,66,
269,337,WALK,ANY,4,66,66,
269,338,WALK,ANY,4,66,66,
269,337,WALK,ANY,1,66,66,
269,338,WALK,ANY,1,66,66,
269,356,SWARM,ANY,20,66,66,Swarm
269,356,WALK,DAY,10,66,66,
269,354,WALK,DAY,10,66,66,
269,356,WALK,NIGHT,10,66,66,
269,354,WALK,NIGHT,10,66,66,
269,338,RADAR,ANY,20,66,66,PokeRadar
269,157,WALK,ANY,10,66,66,Incense Burner (Hisuian form)
269,157,WALK,ANY,10,66,66,Incense Burner (Hisuian form)
270,42,WALK,ANY,20,66,66,
270,93,WALK,ANY,20,66,66,
270,356,WALK,MORNING,10,66,66,
270,354,WALK,MORNING,10,66,66,
270,437,WALK,ANY,10,66,66,
270,358,WALK,ANY,10,66,66,
270,337,WALK,ANY,5,66,66,
270,338,WALK,ANY,5,66,66,
270,337,WALK,ANY,4,66,66,
270,338,WALK,ANY,4,66,66,
270,337,WALK,ANY,1,66,66,
270,338,WALK,ANY,1,66,66,
270,356,SWARM,ANY,20,66,66,Swarm
270,356,WALK,DAY,10,66,66,
270,354,WALK,DAY,10,66,66,
270,356,WALK,NIGHT,10,66,66,
270,354,WALK,NIGHT,10,66,66,
270,338,RADAR,ANY,20,66,66,PokeRadar
270,157,WALK,ANY,10,66,66,Incense Burner (Hisuian form)
270,157,WALK,ANY,10,66,66,Incense Burner (Hisuian form)
271,42,WALK,ANY,20,66,66,
271,93,WALK,ANY,20,66,66,
271,356,WALK,MORNING,10,66,66,
271,354,WALK,MORNING,10,66,66,
271,437,WALK,ANY,10,66,66,
271,358,WALK,ANY,10,66,66,
271,337,WALK,ANY,5,66,66,
271,338,WALK,ANY,5,66,66,
271,337,WALK,ANY,4,66,66,
271,338,WALK,ANY,4,66,66,
271,337,WALK,ANY,1,66,66,
271,338,WALK,ANY,1,66,66,
271,356,SWARM,ANY,20,66,66,Swarm
271,356,WALK,DAY,10,66,66,
271,354,WALK,DAY,10,66,66,
271,356,WALK,NIGHT,10,66,66,
271,354,WALK,NIGHT,10,66,66,
271,338,RADAR,ANY,20,66,66,PokeRadar
271,157,WALK,ANY,10,66,66,Incense Burner (Hisuian form)
271,157,WALK,ANY,10,66,66,Incense Burner (Hisuian form)
272,42,WALK,ANY,20,66,66,
272,93,WALK,ANY,20,66,66,
272,356,WALK,MORNING,10,66,66,
272,354,WALK,MORNING,10,66,66,
272,437,WALK,ANY,10,66,66,
272,358,WALK,ANY,10,66,66,
272,337,WALK,ANY,5,66,66,
272,338,WALK,ANY,5,66,66,
272,337,WALK,ANY,4,66,66,
272,338,WALK,ANY,4,66,66,
272,337,WALK,ANY,1,66,66,
272,338,WALK,ANY,1,66,66,
272,356,SWARM,ANY,20,66,66,Swarm
272,356,WALK,DAY,10,66,66,
272,354,WALK,DAY,10,66,66,
272,356,WALK,NIGHT,10,66,66,
272,354,WALK,NIGHT,10,66,66,
272,338,RADAR,ANY,20,66,66,PokeRadar
272,157,WALK,ANY,10,66,66,Incense Burner (Hisuian form)
272,157,WALK,ANY,10,66,66,Incense Burner (Hisuian form)
273,42,WALK,ANY,20,66,66,
273,93,WALK,ANY,20,66,66,
273,356,WALK,MORNING,10,66,66,
273,354,WALK,MORNING,10,66,66,
273,437,WALK,ANY,10,66,66,
273,358,WALK,ANY,10,66,66,
273,337,WALK,ANY,5,66,66,
273,338,WALK,ANY,5,66,66,
273,337,WALK,ANY,4,66,66,
273,338,WALK,ANY,4,66,66,
273,337,WALK,ANY,1,66,66,
273,338,WALK,ANY,1,66,66,
273,356,SWARM,ANY,20,66,66,Swarm
273,356,WALK,DAY,10,66,66,
273,354,WALK,DAY,10,66,66,
273,356,WALK,NIGHT,10,66,66,
273,354,WALK,NIGHT,10,66,66,
273,338,RADAR,ANY,20,66,66,PokeRadar
273,157,WALK,ANY,10,66,66,Incense Burner (Hisuian form)
273,157,WALK,ANY,10,66,66,Incense Burner (Hisuian form)
274,42,WALK,ANY,20,66,66,
274,93,WALK,ANY,20,66,66,
274,356,WALK,MORNING,10,66,66,
274,354,WALK,MORNING,10,66,66,
274,437,WALK,ANY,10,66,66,
274,358,WALK,ANY,10,66,66,
274,337,WALK,ANY,5,66,66,
274,338,WALK,ANY,5,66,66,
274,337,WALK,ANY,4,66,66,
274,338,WALK,ANY,4,66,66,
274,337,WALK,ANY,1,66,66,
274,338,WALK,ANY,1,66,66,
274,356,SWARM,ANY,20,66,66,Swarm
274,356,WALK,DAY,10,66,66,
274,354,WALK,DAY,10,66,66,
274,356,WALK,NIGHT,10,66,66,
274,354,WALK,NIGHT,10,66,66,
274,338,RADAR,ANY,20,66,66,PokeRadar
274,157,WALK,ANY,10,66,66,Incense Burner (Hisuian form)
274,157,WALK,ANY,10,66,66,Incense Burner (Hisuian form)
275,42,WALK,ANY,20,66,66,
275,93,WALK,ANY,20,66,66,
275,356,WALK,MORNING,10,66,66,
275,354,WALK,MORNING,10,66,66,
275,437,WALK,ANY,10,66,66,
275,358,WALK,ANY,10,66,66,
275,337,WALK,ANY,5,66,66,
275,338,WALK,ANY,5,66,66,
275,337,WALK,ANY,4,66,66,
275,338,WALK,ANY,4,66,66,
275,337,WALK,ANY,1,66,66,
275,338,WALK,ANY,1,66,66,
275,356,SWARM,ANY,20,66,66,Swarm
275,356,WALK,DAY,10,66,66,
275,354,WALK,DAY,10,66,66,
275,356,WALK,NIGHT,10,66,66,
275,354,WALK,NIGHT,10,66,66,
275,338,RADAR,ANY,20,66,66,PokeRadar
275,157,WALK,ANY,10,66,66,Incense Burner (Hisuian form)
275,157,WALK,ANY,10,66,66,Incense Burner (Hisuian form)
276,42,WALK,ANY,20,66,66,
276,93,WALK,ANY,20,66,66,
276,356,WALK,MORNING,10,66,66,
276,354,WALK,MORNING,10,66,66,
276,437,WALK,ANY,10,66,66,
276,358,WALK,ANY,10,66,66,
276,337,WALK,ANY,5,66,66,
276,338,WALK,ANY,5,66,66,
276,337,WALK,ANY,4,66,66,
276,338,WALK,ANY,4,66,66,
276,337,WALK,ANY,1,66,66,
276,338,WALK,ANY,1,66,66,
276,356,SWARM,ANY,20,66,66,Swarm
276,356,WALK,DAY,10,66,66,
276,354,WALK,DAY,10,66,66,
276,356,WALK,NIGHT,10,66,66,
276,354,WALK,NIGHT,10,66,66,
276,338,RADAR,ANY,20,66,66,PokeRadar
276,157,WALK,ANY,10,66,66,Incense Burner (Hisuian form)
276,157,WALK,ANY,10,66,66,Incense Burner (Hisuian form)
277,42,WALK,ANY,20,66,66,
277,93,WALK,ANY,20,66,66,
277,356,WALK,MORNING,10,66,66,
277,354,WALK,MORNING,10,66,66,
277,437,WALK,ANY,10,66,66,
277,358,WALK,ANY,10,66,66,
277,337,WALK,ANY,5,66,66,
277,338,WALK,ANY,5,66,66,
277,337,WALK,ANY,4,66,66,
277,338,WALK,ANY,4,66,66,
277,337,WALK,ANY,1,66,66,
277,338,WALK,ANY,1,66,66,
277,356,SWARM,ANY,20,66,66,Swarm
277,356,WALK,DAY,10,66,66,
277,354,WALK,DAY,10,66,66,
277,356,WALK,NIGHT,10,66,66,
277,354,WALK,NIGHT,10,66,66,
277,338,RADAR,ANY,20,66,66,PokeRadar
277,157,WALK,ANY,10,66,66,Incense Burner (Hisuian form)
277,157,WALK,ANY,10,66,66,Incense Burner (Hisuian form)
278,42,WALK,ANY,20,66,66,
278,93,WALK,ANY,20,66,66,
278,356,WALK,MORNING,10,66,66,
278,354,WALK,MORNING,10,66,66,
278,437,WALK,ANY,10,66,66,
278,358,WALK,ANY,10,66,66,
278,337,WALK,ANY,5,66,66,
278,338,WALK,ANY,5,66,66,
278,337,WALK,ANY,4,66,66,
278,338,WALK,ANY,4,66,66,
278,337,WALK,ANY,1,66,66,
278,338,WALK,ANY,1,66,66,
278,356,SWARM,ANY,20,66,66,Swarm
278,356,WALK,DAY,10,66,66,
278,354,WALK,DAY,10,66,66,
278,356,WALK,NIGHT,10,66,66,
278,354,WALK,NIGHT,10,66,66,
278,338,RADAR,ANY,20,66,66,PokeRadar
278,157,WALK,ANY,10,66,66,Incense Burner (Hisuian form)
278,157,WALK,ANY,10,66,66,Incense Burner (Hisuian form)
279,42,WALK,ANY,20,66,66,
279,93,WALK,ANY,20,66,66,
279,356,WALK,MORNING,10,66,66,
279,354,WALK,MORNING,10,66,66,
279,437,WALK,ANY,10,66,66,
279,358,WALK,ANY,10,66,66,
279,337,WALK,ANY,5,66,66,
279,338,WALK,ANY,5,66,66,
279,337,WALK,ANY,4,66,66,
279,338,WALK,ANY,4,66,66,
279,337,WALK,ANY,1,66,66,
279,338,WALK,ANY,1,66,66,
279,356,SWARM,ANY,20,66,66,Swarm
279,356,WALK,DAY,10,66,66,
279,354,WALK,DAY,10,66,66,
279,356,WALK,NIGHT,10,66,66,
279,354,WALK,NIGHT,10,66,66,
279,338,RADAR,ANY,20,66,66,PokeRadar
279,157,WALK,ANY,10,66,66,Incense Burner (Hisuian form)
279,157,WALK,ANY,10,66,66,Incense Burner (Hisuian form)
280,42,WALK,ANY,20,66,66,
280,93,WALK,ANY,20,66,66,
280,356,WALK,MORNING,10,66,66,
280,354,WALK,MORNING,10,66,66,
280,437,WALK,ANY,10,66,66,
280,358,WALK,ANY,10,66,66,
280,337,WALK,ANY,5,66,66,
280,338,WALK,ANY,5,66,66,
280,337,WALK,ANY,4,66,66,
280,338,WALK,ANY,4,66,66,
280,337,WALK,ANY,1,66,66,
280,338,WALK,ANY,1,66,66,
280,356,SWARM,ANY,20,66,66,Swarm
280,356,WALK,DAY,10,66,66,
280,354,WALK,DAY,10,66,66,
280,356,WALK,NIGHT,10,66,66,
280,354,WALK,NIGHT,10,66,66,
280,338,RADAR,ANY,20,66,66,PokeRadar
280,157,WALK,ANY,10,66,66,Incense Burner (Hisuian form)
280,157,WALK,ANY,10,66,66,Incense Burner (Hisuian form)
281,42,WALK,ANY,20,66,66,
281,93,WALK,ANY,20,66,66,
281,356,WALK,MORNING,10,66,66,
281,354,WALK,MORNING,10,66,66,
281,437,WALK,ANY,10,66,66,
281,358,WALK,ANY,10,66,66,
281,337,WALK,ANY,5,66,66,
281,338,WALK,ANY,5,66,66,
281,337,WALK,ANY,4,66,66,
281,338,WALK,ANY,4,66,66,
281,337,WALK,ANY,1,66,66,
281,338,WALK,ANY,1,66,66,
281,356,SWARM,ANY,20,66,66,Swarm
281,356,WALK,DAY,10,66,66,
281,354,WALK,DAY,10,66,66,
281,356,WALK,NIGHT,10,66,66,
281,354,WALK,NIGHT,10,66,66,
281,338,RADAR,ANY,20,66,66,PokeRadar
281,157,WALK,ANY,10,66,66,Incense Burner (Hisuian form)
281,157,WALK,ANY,10,66,66,Incense Burner (Hisuian form)
282,42,WALK,ANY,20,66,66,
282,93,WALK,ANY,20,66,66,
282,356,WALK,MORNING,10,66,66,
282,354,WALK,MORNING,10,66,66,
282,437,WALK,ANY,10,66,66,
282,358,WALK,ANY,10,66,66,
282,337,WALK,ANY,5,66,66,
282,338,WALK,ANY,5,66,66,
282,337,WALK,ANY,4,66,66,
282,338,WALK,ANY,4,66,66,
282,337,WALK,ANY,1,66,66,
282,338,WALK,ANY,1,66,66,
282,356,SWARM,ANY,20,66,66,Swarm
282,356,WALK,DAY,10,66,66,
282,354,WALK,DAY,10,66,66,
282,356,WALK,NIGHT,10,66,66,
282,354,WALK,NIGHT,10,66,66,
282,338,RADAR,ANY,20,66,66,PokeRadar
282,157,WALK,ANY,10,66,66,Incense Burner (Hisuian form)
282,157,WALK,ANY,10,66,66,Incense Burner (Hisuian form)
283,42,WALK,ANY,20,66,66,
283,93,WALK,ANY,20,66,66,
283,356,WALK,MORNING,10,66,66,
283,354,WALK,MORNING,10,66,66,
283,437,WALK,ANY,10,66,66,
283,358,WALK,ANY,10,66,66,
283,337,WALK,ANY,5,66,66,
283,338,WALK,ANY,5,66,66,
283,337,WALK,ANY,4,66,66,
283,338,WALK,ANY,4,66,66,
283,337,WALK,ANY,1,66,66,
283,338,WALK,ANY,1,66,66,
283,356,SWARM,ANY,20,66,66,Swarm
283,356,WALK,DAY,10,66,66,
283,354,WALK,DAY,10,66,66,
283,356,WALK,NIGHT,10,66,66,
283,354,WALK,NIGHT,10,66,66,
283,338,RADAR,ANY,20,66,66,PokeRadar
283,157,WALK,ANY,10,66,66,Incense Burner (Hisuian form)
283,157,WALK,ANY,10,66,66,Incense Burner (Hisuian form)
284,42,WALK,ANY,20,66,66,
284,93,WALK,ANY,20,66,66,
284,356,WALK,MORNING,10,66,66,
284,354,WALK,MORNING,10,66,66,
284,437,WALK,ANY,10,66,66,
284,358,WALK,ANY,10,66,66,
284,337,WALK,ANY,5,66,66,
284,338,WALK,ANY,5,66,66,
284,337,WALK,ANY,4,66,66,
284,338,WALK,ANY,4,66,66,
284,337,WALK,ANY,1,66,66,
284,338,WALK,ANY,1,66,66,
284,356,SWARM,ANY,20,66,66,Swarm
284,356,WALK,DAY,10,66,66,
284,354,WALK,DAY,10,66,66,
284,356,WALK,NIGHT,10,66,66,
284,354,WALK,NIGHT,10,66,66,
284,338,RADAR,ANY,20,66,66,PokeRadar
284,157,WALK,ANY,10,66,66,Incense Burner (Hisuian form)
284,157,WALK,ANY,10,66,66,Incense Burner (Hisuian form)
286,42,WALK,ANY,20,50,50,
286,75,WALK,ANY,20,50,50,
286,215,WALK,MORNING,10,50,50,
286,215,WALK,MORNING,10,50,50,
286,208,WALK,ANY,10,50,50,
286,124,WALK,ANY,10,50,50,
286,362,WALK,ANY,5,50,50,
286,478,WALK,ANY,5,50,50,
286,461,WALK,ANY,4,50,50,
286,42,WALK,ANY,4,50,50,
286,461,WALK,ANY,1,50,50,
286,42,WALK,ANY,1,50,50,
286,215,SWARM,ANY,20,50,50,Swarm
286,215,WALK,DAY,10,50,50,
286,215,WALK,DAY,10,50,50,
286,215,WALK,NIGHT,10,50,50,
286,215,WALK,NIGHT,10,50,50,
286,42,RADAR,ANY,20,50,50,PokeRadar
286,38,WALK,ANY,10,50,50,Incense Burner (Alolan form)
286,38,WALK,ANY,10,50,50,Incense Burner (Alolan form)
287,42,WALK,ANY,20,50,50,
287,75,WALK,ANY,20,50,50,
287,215,WALK,MORNING,10,50,50,
287,215,WALK,MORNING,10,50,50,
287,208,WALK,ANY,10,50,50,
287,124,WALK,ANY,10,50,50,
287,362,WALK,ANY,5,50,50,
287,478,WALK,ANY,5,50,50,
287,461,WALK,ANY,4,50,50,
287,42,WALK,ANY,4,50,50,
287,461,WALK,ANY,1,50,50,
287,42,WALK,ANY,1,50,50,
287,215,SWARM,ANY,20,50,50,Swarm
287,215,WALK,DAY,10,50,50,
287,215,WALK,DAY,10,50,50,
287,215,WALK,NIGHT,10,50,50,
287,215,WALK,NIGHT,10,50,50,
287,42,RADAR,ANY,20,50,50,PokeRadar
287,461,WALK,ANY,10,50,50,Incense Burner
287,42,WALK,ANY,10,50,50,Incense Burner
288,42,WALK,ANY,20,50,50,
288,75,WALK,ANY,20,50,50,
288,215,WALK,MORNING,10,50,50,
288,215,WALK,MORNING,10,50,50,
288,208,WALK,ANY,10,50,50,
288,124,WALK,ANY,10,50,50,
288,362,WALK,ANY,5,50,50,
288,478,WALK,ANY,5,50,50,
288,461,WALK,ANY,4,50,50,
288,42,WALK,ANY,4,50,50,
288,461,WALK,ANY,1,50,50,
288,42,WALK,ANY,1,50,50,
288,215,SWARM,ANY,20,50,50,Swarm
288,215,WALK,DAY,10,50,50,
288,215,WALK,DAY,10,50,50,
288,215,WALK,NIGHT,10,50,50,
288,215,WALK,NIGHT,10,50,50,
288,42,RADAR,ANY,20,50,50,PokeRadar
288,461,WALK,ANY,10,50,50,Incense Burner
288,42,WALK,ANY,10,50,50,Incense Burner
289,42,WALK,ANY,20,50,50,
289,75,WALK,ANY,20,50,50,
289,215,WALK,MORNING,10,50,50,
289,215,WALK,MORNING,10,50,50,
289,208,WALK,ANY,10,50,50,
289,124,WALK,ANY,10,50,50,
289,362,WALK,ANY,5,50,50,
289,478,WALK,ANY,5,50,50,
289,461,WALK,ANY,4,50,50,
289,42,WALK,ANY,4,50,50,
289,461,WALK,ANY,1,50,50,
289,42,WALK,ANY,1,50,50,
289,215,SWARM,ANY,20,50,50,Swarm
289,215,WALK,DAY,10,50,50,
289,215,WALK,DAY,10,50,50,
289,215,WALK,NIGHT,10,50,50,
289,215,WALK,NIGHT,10,50,50,
289,42,RADAR,ANY,20,50,50,PokeRadar
289,461,WALK,ANY,10,50,50,Incense Burner
289,42,WALK,ANY,10,50,50,Incense Burner
290,42,WALK,ANY,20,50,50,
290,75,WALK,ANY,20,50,50,
290,215,WALK,MORNING,10,50,50,
290,215,WALK,MORNING,10,50,50,
290,208,WALK,ANY,10,50,50,
290,124,WALK,ANY,10,50,50,
290,362,WALK,ANY,5,50,50,
290,478,WALK,ANY,5,50,50,
290,461,WALK,ANY,4,50,50,
290,42,WALK,ANY,4,50,50,
290,461,WALK,ANY,1,50,50,
290,42,WALK,ANY,1,50,50,
290,215,SWARM,ANY,20,50,50,Swarm
290,215,WALK,DAY,10,50,50,
290,215,WALK,DAY,10,50,50,
290,215,WALK,NIGHT,10,50,50,
290,215,WALK,NIGHT,10,50,50,
290,42,RADAR,ANY,20,50,50,PokeRadar
290,461,WALK,ANY,10,50,50,Incense Burner
290,42,WALK,ANY,10,50,50,Incense Burner
291,42,WALK,ANY,20,50,50,
291,75,WALK,ANY,20,50,50,
291,215,WALK,MORNING,10,50,50,
291,215,WALK,MORNING,10,50,50,
291,208,WALK,ANY,10,50,50,
291,124,WALK,ANY,10,50,50,
291,362,WALK,ANY,5,50,50,
291,478,WALK,ANY,5,50,50,
291,461,WALK,ANY,4,50,50,
291,42,WALK,ANY,4,50,50,
291,461,WALK,ANY,1,50,50,
291,42,WALK,ANY,1,50,50,
291,215,SWARM,ANY,20,50,50,Swarm
291,215,WALK,DAY,10,50,50,
291,215,WALK,DAY,10,50,50,
291,215,WALK,NIGHT,10,50,50,
291,215,WALK,NIGHT,10,50,50,
291,42,RADAR,ANY,20,50,50,PokeRadar
291,461,WALK,ANY,10,50,50,Incense Burner
291,42,WALK,ANY,10,50,50,Incense Burner
292,41,WALK,ANY,20,22,22,
292,74,WALK,ANY,20,22,22,
292,443,WALK,MORNING,10,22,22,
292,343,WALK,MORNING,10,22,22,
292,27,WALK,ANY,10,22,22,
292,95,WALK,ANY,10,22,22,
292,302,WALK,ANY,5,22,22,
292,303,WALK,ANY,5,22,22,
292,443,WALK,ANY,4,22,22,
292,443,WALK,ANY,4,22,22,
292,443,WALK,ANY,1,22,22,
292,443,WALK,ANY,1,22,22,
292,443,SWARM,ANY,20,22,22,Swarm
292,443,WALK,DAY,10,22,22,
292,343,WALK,DAY,10,22,22,
292,443,WALK,NIGHT,10,22,22,
292,343,WALK,NIGHT,10,22,22,
292,443,RADAR,ANY,20,22,22,PokeRadar
292,443,WALK,ANY,10,22,22,Incense Burner
292,443,WALK,ANY,10,22,22,Incense Burner
293,41,WALK,ANY,20,22,22,
293,74,WALK,ANY,20,22,22,
293,443,WALK,MORNING,10,22,22,
293,343,WALK,MORNING,10,22,22,
293,27,WALK,ANY,10,22,22,
293,95,WALK,ANY,10,22,22,
293,302,WALK,ANY,5,22,22,
293,303,WALK,ANY,5,22,22,
293,443,WALK,ANY,4,22,22,
293,443,WALK,ANY,4,22,22,
293,443,WALK,ANY,1,22,22,
293,443,WALK,ANY,1,22,22,
293,443,SWARM,ANY,20,22,22,Swarm
293,443,WALK,DAY,10,22,22,
293,343,WALK,DAY,10,22,22,
293,443,WALK,NIGHT,10,22,22,
293,343,WALK,NIGHT,10,22,22,
293,443,RADAR,ANY,20,22,22,PokeRadar
293,443,WALK,ANY,10,22,22,Incense Burner
293,443,WALK,ANY,10,22,22,Incense Burner
294,50,WALK,ANY,20,32,32,
294,293,WALK,ANY,20,32,32,
294,449,WALK,MORNING,10,32,32,
294,328,WALK,MORNING,10,32,32,
294,294,WALK,ANY,10,32,32,
294,132,WALK,ANY,10,32,32,
294,449,WALK,ANY,5,32,32,
294,50,WALK,ANY,5,32,32,
294,328,WALK,ANY,4,32,32,
294,51,WALK,ANY,4,32,32,
294,328,WALK,ANY,1,32,32,
294,51,WALK,ANY,1,32,32,
294,449,SWARM,ANY,20,32,32,Swarm
294,449,WALK,DAY,10,32,32,
294,328,WALK,DAY,10,32,32,
294,449,WALK,NIGHT,10,32,32,
294,328,WALK,NIGHT,10,32,32,
294,51,RADAR,ANY,20,32,32,PokeRadar
294,50,WALK,ANY,10,32,32,Incense Burner (Alolan form)
294,50,WALK,ANY,10,32,32,Incense Burner (Alolan form)
295,50,WALK,ANY,20,32,32,
295,293,WALK,ANY,20,32,32,
295,449,WALK,MORNING,10,32,32,
295,328,WALK,MORNING,10,32,32,
295,294,WALK,ANY,10,32,32,
295,132,WALK,ANY,10,32,32,
295,449,WALK,ANY,5,32,32,
295,50,WALK,ANY,5,32,32,
295,328,WALK,ANY,4,32,32,
295,51,WALK,ANY,4,32,32,
295,328,WALK,ANY,1,32,32,
295,51,WALK,ANY,1,32,32,
295,449,SWARM,ANY,20,32,32,Swarm
295,449,WALK,DAY,10,32,32,
295,328,WALK,DAY,10,32,32,
295,449,WALK,NIGHT,10,32,32,
295,328,WALK,NIGHT,10,32,32,
295,51,RADAR,ANY,20,32,32,PokeRadar
295,50,WALK,ANY,10,32,32,Incense Burner (Alolan form)
295,50,WALK,ANY,10,32,32,Incense Burner (Alolan form)
296,50,WALK,ANY,20,32,32,
296,293,WALK,ANY,20,32,32,
296,449,WALK,MORNING,10,32,32,
296,328,WALK,MORNING,10,32,32,
296,294,WALK,ANY,10,32,32,
296,132,WALK,ANY,10,32,32,
296,449,WALK,ANY,5,32,32,
296,50,WALK,ANY,5,32,32,
296,328,WALK,ANY,4,32,32,
296,51,WALK,ANY,4,32,32,
296,328,WALK,ANY,1,32,32,
296,51,WALK,ANY,1,32,32,
296,449,SWARM,ANY,20,32,32,Swarm
296,449,WALK,DAY,10,32,32,
296,328,WALK,DAY,10,32,32,
296,449,WALK,NIGHT,10,32,32,
296,328,WALK,NIGHT,10,32,32,
296,51,RADAR,ANY,20,32,32,PokeRadar
296,50,WALK,ANY,10,32,32,Incense Burner (Alolan form)
296,50,WALK,ANY,10,32,32,Incense Burner (Alolan form)
298,864,SURF,ANY,30,45,45,Surfing + Incense Burner
298,278,SURF,ANY,60,45,45,
298,72,SURF,ANY,30,45,45,
298,279,SURF,ANY,5,45,45,
298,73,SURF,ANY,4,45,45,
298,73,SURF,ANY,1,45,45,
298,129,OLD_ROD,ANY,60,10,10,
298,456,OLD_ROD,ANY,30,10,10,
298,211,OLD_ROD,ANY,5,10,10,
298,211,OLD_ROD,ANY,4,10,10,
298,211,OLD_ROD,ANY,1,10,10,
298,129,GOOD_ROD,ANY,60,25,25,
298,456,GOOD_ROD,ANY,30,25,25,
298,211,GOOD_ROD,ANY,5,25,25,
298,211,GOOD_ROD,ANY,4,25,25,
298,211,GOOD_ROD,ANY,1,25,25,
298,130,SUPER_ROD,ANY,60,50,50,
298,457,SUPER_ROD,ANY,30,50,50,
298,211,SUPER_ROD,ANY,5,50,50,
298,211,SUPER_ROD,ANY,4,50,50,
298,211,SUPER_ROD,ANY,1,50,50,
299,75,WALK,ANY,20,45,45,
299,42,WALK,ANY,20,45,45,
299,305,WALK,MORNING,10,45,45,
299,303,WALK,MORNING,10,45,45,
299,302,WALK,ANY,10,45,45,
299,299,WALK,ANY,10,45,45,
299,75,WALK,ANY,5,45,45,
299,305,WALK,ANY,5,45,45,
299,112,WALK,ANY,4,45,45,
299,208,WALK,ANY,4,45,45,
299,112,WALK,ANY,1,45,45,
299,208,WALK,ANY,1,45,45,
299,305,SWARM,ANY,20,45,45,Swarm
299,305,WALK,DAY,10,45,45,
299,303,WALK,DAY,10,45,45,
299,305,WALK,NIGHT,10,45,45,
299,303,WALK,NIGHT,10,45,45,
299,208,RADAR,ANY,20,45,45,PokeRadar
299,75,WALK,ANY,10,45,45,Incense Burner (Alolan form)
299,75,WALK,ANY,10,45,45,Incense Burner (Alolan form)
300,75,WALK,ANY,20,45,45,
300,42,WALK,ANY,20,45,45,
300,305,WALK,MORNING,10,45,45,
300,303,WALK,MORNING,10,45,45,
300,302,WALK,ANY,10,45,45,
300,299,WALK,ANY,10,45,45,
300,75,WALK,ANY,5,45,45,
300,305,WALK,ANY,5,45,45,
300,112,WALK,ANY,4,45,45,
300,208,WALK,ANY,4,45,45,
300,112,WALK,ANY,1,45,45,
300,208,WALK,ANY,1,45,45,
300,305,SWARM,ANY,20,45,45,Swarm
300,305,WALK,DAY,10,45,45,
300,303,WALK,DAY,10,45,45,
300,305,WALK,NIGHT,10,45,45,
300,303,WALK,NIGHT,10,45,45,
300,208,RADAR,ANY,20,45,45,PokeRadar
300,75,WALK,ANY,10,45,45,Incense Burner (Alolan form)
300,75,WALK,ANY,10,45,45,Incense Burner (Alolan form)
301,75,WALK,ANY,20,45,45,
301,42,WALK,ANY,20,45,45,
301,305,WALK,MORNING,10,45,45,
301,303,WALK,MORNING,10,45,45,
301,302,WALK,ANY,10,45,45,
301,299,WALK,ANY,10,45,45,
301,75,WALK,ANY,5,45,45,
301,305,WALK,ANY,5,45,45,
301,112,WALK,ANY,4,45,45,
301,208,WALK,ANY,4,45,45,
301,112,WALK,ANY,1,45,45,
301,208,WALK,ANY,1,45,45,
301,305,SWARM,ANY,20,45,45,Swarm
301,305,WALK,DAY,10,45,45,
301,303,WALK,DAY,10,45,45,
301,305,WALK,NIGHT,10,45,45,
301,303,WALK,NIGHT,10,45,45,
301,208,RADAR,ANY,20,45,45,PokeRadar
301,75,WALK,ANY,10,45,45,Incense Burner (Alolan form)
301,75,WALK,ANY,10,45,45,Incense Burner (Alolan form)
302,75,WALK,ANY,20,45,45,
302,42,WALK,ANY,20,45,45,
302,305,WALK,MORNING,10,45,45,
302,303,WALK,MORNING,10,45,45,
302,302,WALK,ANY,10,45,45,
302,299,WALK,ANY,10,45,45,
302,75,WALK,ANY,5,45,45,
302,305,WALK,ANY,5,45,45,
302,112,WALK,ANY,4,45,45,
302,208,WALK,ANY,4,45,45,
302,112,WALK,ANY,1,45,45,
302,208,WALK,ANY,1,45,45,
302,305,SWARM,ANY,20,45,45,Swarm
302,305,WALK,DAY,10,45,45,
302,303,WALK,DAY,10,45,45,
302,305,WALK,NIGHT,10,45,45,
302,303,WALK,NIGHT,10,45,45,
302,208,RADAR,ANY,20,45,45,PokeRadar
302,75,WALK,ANY,10,45,45,Incense Burner (Alolan form)
302,75,WALK,ANY,10,45,45,Incense Burner (Alolan form)
303,75,WALK,ANY,20,45,45,
303,42,WALK,ANY,20,45,45,
303,305,WALK,MORNING,10,45,45,
303,303,WALK,MORNING,10,45,45,
303,302,WALK,ANY,10,45,45,
303,299,WALK,ANY,10,45,45,
303,75,WALK,ANY,5,45,45,
303,305,WALK,ANY,5,45,45,
303,112,WALK,ANY,4,45,45,
303,208,WALK,ANY,4,45,45,
303,112,WALK,ANY,1,45,45,
303,208,WALK,ANY,1,45,45,
303,305,SWARM,ANY,20,45,45,Swarm
303,305,WALK,DAY,10,45,45,
303,303,WALK,DAY,10,45,45,
303,305,WALK,NIGHT,10,45,45,
303,303,WALK,NIGHT,10,45,45,
303,208,RADAR,ANY,20,45,45,PokeRadar
303,75,WALK,ANY,10,45,45,Incense Burner (Alolan form)
303,75,WALK,ANY,10,45,45,Incense Burner (Alolan form)
304,75,WALK,ANY,20,45,45,
304,42,WALK,ANY,20,45,45,
304,305,WALK,MORNING,10,45,45,
304,303,WALK,MORNING,10,45,45,
304,302,WALK,ANY,10,45,45,
304,299,WALK,ANY,10,45,45,
304,75,WALK,ANY,5,45,45,
304,305,WALK,ANY,5,45,45,
304,112,WALK,ANY,4,45,45,
304,208,WALK,ANY,4,45,45,
304,112,WALK,ANY,1,45,45,
304,208,WALK,ANY,1,45,45,
304,305,SWARM,ANY,20,45,45,Swarm
304,305,WALK,DAY,10,45,45,
304,303,WALK,DAY,10,45,45,
304,305,WALK,NIGHT,10,45,45,
304,303,WALK,NIGHT,10,45,45,
304,208,RADAR,ANY,20,45,45,PokeRadar
304,75,WALK,ANY,10,45,45,Incense Burner (Alolan form)
304,75,WALK,ANY,10,45,45,Incense Burner (Alolan form)
306,92,WALK,ANY,20,18,18,
306,19,WALK,ANY,20,18,18,
306,355,WALK,MORNING,10,18,18,
306,353,WALK,MORNING,10,18,18,
306,92,WALK,ANY,10,18,18,
306,19,WALK,ANY,10,18,18,
306,92,WALK,ANY,5,18,18,
306,92,WALK,ANY,5,18,18,
306,20,WALK,ANY,4,18,18,
306,93,WALK,ANY,4,18,18,
306,20,WALK,ANY,1,18,18,
306,93,WALK,ANY,1,18,18,
306,355,SWARM,ANY,20,18,18,Swarm
306,355,WALK,DAY,10,18,18,
306,353,WALK,DAY,10,18,18,
306,355,WALK,NIGHT,10,18,18,
306,353,WALK,NIGHT,10,18,18,
306,93,RADAR,ANY,20,18,18,PokeRadar
306,109,WALK,ANY,10,18,18,Incense Burner
306,109,WALK,ANY,10,18,18,Incense Burner
307,92,WALK,ANY,20,18,18,
307,19,WALK,ANY,20,18,18,
307,355,WALK,MORNING,10,18,18,
307,353,WALK,MORNING,10,18,18,
307,92,WALK,ANY,10,18,18,
307,19,WALK,ANY,10,18,18,
307,92,WALK,ANY,5,18,18,
307,92,WALK,ANY,5,18,18,
307,20,WALK,ANY,4,18,18,
307,93,WALK,ANY,4,18,18,
307,20,WALK,ANY,1,18,18,
307,93,WALK,ANY,1,18,18,
307,355,SWARM,ANY,20,18,18,Swarm
307,355,WALK,DAY,10,18,18,
307,353,WALK,DAY,10,18,18,
307,355,WALK,NIGHT,10,18,18,
307,353,WALK,NIGHT,10,18,18,
307,93,RADAR,ANY,20,18,18,PokeRadar
307,109,WALK,ANY,10,18,18,Incense Burner
307,109,WALK,ANY,10,18,18,Incense Burner
308,92,WALK,ANY,20,18,18,
308,19,WALK,ANY,20,18,18,
308,355,WALK,MORNING,10,18,18,
308,353,WALK,MORNING,10,18,18,
308,92,WALK,ANY,10,18,18,
308,19,WALK,ANY,10,18,18,
308,92,WALK,ANY,5,18,18,
308,92,WALK,ANY,5,18,18,
308,20,WALK,ANY,4,18,18,
308,93,WALK,ANY,4,18,18,
308,20,WALK,ANY,1,18,18,
308,93,WALK,ANY,1,18,18,
308,355,SWARM,ANY,20,18,18,Swarm
308,355,WALK,DAY,10,18,18,
308,353,WALK,DAY,10,18,18,
308,355,WALK,NIGHT,10,18,18,
308,353,WALK,NIGHT,10,18,18,
308,93,RADAR,ANY,20,18,18,PokeRadar
308,109,WALK,ANY,10,18,18,Incense Burner
308,109,WALK,ANY,10,18,18,Incense Burner
309,92,WALK,ANY,20,18,18,
309,19,WALK,ANY,20,18,18,
309,355,WALK,MORNING,10,18,18,
309,353,WALK,MORNING,10,18,18,
309,92,WALK,ANY,10,18,18,
309,19,WALK,ANY,10,18,18,
309,92,WALK,ANY,5,18,18,
309,92,WALK,ANY,5,18,18,
309,20,WALK,ANY,4,18,18,
309,93,WALK,ANY,4,18,18,
309,20,WALK,ANY,1,18,18,
309,93,WALK,ANY,1,18,18,
309,355,SWARM,ANY,20,18,18,Swarm
309,355,WALK,DAY,10,18,18,
309,353,WALK,DAY,10,18,18,
309,355,WALK,NIGHT,10,18,18,
309,353,WALK,NIGHT,10,18,18,
309,93,RADAR,ANY,20,18,18,PokeRadar
309,109,WALK,ANY,10,18,18,Incense Burner
309,109,WALK,ANY,10,18,18,Incense Burner
310,92,WALK,ANY,20,18,18,
310,19,WALK,ANY,20,18,18,
310,355,WALK,MORNING,10,18,18,
310,353,WALK,MORNING,10,18,18,
310,92,WALK,ANY,10,18,18,
310,19,WALK,ANY,10,18,18,
310,92,WALK,ANY,5,18,18,
310,92,WALK,ANY,5,18,18,
310,20,WALK,ANY,4,18,18,
310,93,WALK,ANY,4,18,18,
310,20,WALK,ANY,1,18,18,
310,93,WALK,ANY,1,18,18,
310,355,SWARM,ANY,20,18,18,Swarm
310,355,WALK,DAY,10,18,18,
310,353,WALK,DAY,10,18,18,
310,355,WALK,NIGHT,10,18,18,
310,353,WALK,NIGHT,10,18,18,
310,93,RADAR,ANY,20,18,18,PokeRadar
310,109,WALK,ANY,10,18,18,Incense Burner
310,109,WALK,ANY,10,18,18,Incense Burner
311,92,WALK,ANY,20,18,18,
311,19,WALK,ANY,20,18,18,
311,355,WALK,MORNING,10,18,18,
311,353,WALK,MORNING,10,18,18,
311,92,WALK,ANY,10,18,18,
311,19,WALK,ANY,10,18,18,
311,92,WALK,ANY,5,18,18,
311,92,WALK,ANY,5,18,18,
311,20,WALK,ANY,4,18,18,
311,93,WALK,ANY,4,18,18,
311,20,WALK,ANY,1,18,18,
311,93,WALK,ANY,1,18,18,
311,355,SWARM,ANY,20,18,18,Swarm
311,355,WALK,DAY,10,18,18,
311,353,WALK,DAY,10,18,18,
311,355,WALK,NIGHT,10,18,18,
311,353,WALK,NIGHT,10,18,18,
311,93,RADAR,ANY,20,18,18,PokeRadar
311,109,WALK,ANY,10,18,18,Incense Burner
311,109,WALK,ANY,10,18,18,Incense Burner
312,92,WALK,ANY,20,18,18,
312,19,WALK,ANY,20,18,18,
312,355,WALK,MORNING,10,18,18,
312,353,WALK,MORNING,10,18,18,
312,92,WALK,ANY,10,18,18,
312,19,WALK,ANY,10,18,18,
312,92,WALK,ANY,5,18,18,
312,92,WALK,ANY,5,18,18,
312,20,WALK,ANY,4,18,18,
312,93,WALK,ANY,4,18,18,
312,20,WALK,ANY,1,18,18,
312,93,WALK,ANY,1,18,18,
312,355,SWARM,ANY,20,18,18,Swarm
312,355,WALK,DAY,10,18,18,
312,353,WALK,DAY,10,18,18,
312,355,WALK,NIGHT,10,18,18,
312,353,WALK,NIGHT,10,18,18,
312,93,RADAR,ANY,20,18,18,PokeRadar
312,109,WALK,ANY,10,18,18,Incense Burner
312,109,WALK,ANY,10,18,18,Incense Burner
313,92,WALK,ANY,20,18,18,
313,19,WALK,ANY,20,18,18,
313,355,WALK,MORNING,10,18,18,
313,353,WALK,MORNING,10,18,18,
313,92,WALK,ANY,10,18,18,
313,19,WALK,ANY,10,18,18,
313,92,WALK,ANY,5,18,18,
313,92,WALK,ANY,5,18,18,
313,20,WALK,ANY,4,18,18,
313,93,WALK,ANY,4,18,18,
313,20,WALK,ANY,1,18,18,
313,93,WALK,ANY,1,18,18,
313,355,SWARM,ANY,20,18,18,Swarm
313,355,WALK,DAY,10,18,18,
313,353,WALK,DAY,10,18,18,
313,355,WALK,NIGHT,10,18,18,
313,353,WALK,NIGHT,10,18,18,
313,93,RADAR,ANY,20,18,18,PokeRadar
313,109,WALK,ANY,10,18,18,Incense Burner
313,109,WALK,ANY,10,18,18,Incense Burner
314,92,WALK,ANY,20,18,18,
314,19,WALK,ANY,20,18,18,
314,355,WALK,MORNING,10,18,18,
314,353,WALK,MORNING,10,18,18,
314,92,WALK,ANY,10,18,18,
314,19,WALK,ANY,10,18,18,
314,92,WALK,ANY,5,18,18,
314,92,WALK,ANY,5,18,18,
314,20,WALK,ANY,4,18,18,
314,93,WALK,ANY,4,18,18,
314,20,WALK,ANY,1,18,18,
314,93,WALK,ANY,1,18,18,
314,355,SWARM,ANY,20,18,18,Swarm
314,355,WALK,DAY,10,18,18,
314,353,WALK,DAY,10,18,18,
314,355,WALK,NIGHT,10,18,18,
314,353,WALK,NIGHT,10,18,18,
314,93,RADAR,ANY,20,18,18,PokeRadar
314,109,WALK,ANY,10,18,18,Incense Burner
314,109,WALK,ANY,10,18,18,Incense Burner
323,396,WALK,ANY,20,5,5,
323,399,WALK,ANY,20,5,5,
323,283,WALK,MORNING,10,5,5,
323,298,WALK,MORNING,10,5,5,
323,54,WALK,ANY,10,5,5,
323,283,WALK,ANY,10,5,5,
323,278,WALK,ANY,5,5,5,
323,278,WALK,ANY,5,5,5,
323,396,WALK,ANY,4,5,5,
323,396,WALK,ANY,4,5,5,
323,396,WALK,ANY,1,5,5,
323,396,WALK,ANY,1,5,5,
323,283,SWARM,ANY,20,5,5,Swarm
323,283,WALK,DAY,10,5,5,
323,298,WALK,DAY,10,5,5,
323,283,WALK,NIGHT,10,5,5,
323,298,WALK,NIGHT,10,5,5,
323,360,RADAR,ANY,20,5,5,PokeRadar
323,52,WALK,ANY,10,5,5,Incense Burner (Alolan form)
323,52,WALK,ANY,10,5,5,Incense Burner (Alolan form)
323,79,SURF,ANY,30,40,40,Surfing + Incense Burner (Galarian form)
323,283,SURF,ANY,60,40,40,
323,283,SURF,ANY,30,40,40,
323,284,SURF,ANY,5,40,40,
323,284,SURF,ANY,4,40,40,
323,284,SURF,ANY,1,40,40,
323,129,OLD_ROD,ANY,60,10,10,
323,129,OLD_ROD,ANY,30,10,10,
323,129,OLD_ROD,ANY,5,10,10,
323,129,OLD_ROD,ANY,4,10,10,
323,129,OLD_ROD,ANY,1,10,10,
323,129,GOOD_ROD,ANY,60,25,25,
323,129,GOOD_ROD,ANY,30,25,25,
323,129,GOOD_ROD,ANY,5,25,25,
323,129,GOOD_ROD,ANY,4,25,25,
323,129,GOOD_ROD,ANY,1,25,25,
323,130,SUPER_ROD,ANY,60,50,50,
323,130,SUPER_ROD,ANY,30,50,50,
323,130,SUPER_ROD,ANY,5,50,50,
323,130,SUPER_ROD,ANY,4,50,50,
323,130,SUPER_ROD,ANY,1,50,50,
324,396,WALK,ANY,20,5,5,
324,399,WALK,ANY,20,5,5,
324,283,WALK,MORNING,10,5,5,
324,298,WALK,MORNING,10,5,5,
324,54,WALK,ANY,10,5,5,
324,283,WALK,ANY,10,5,5,
324,278,WALK,ANY,5,5,5,
324,278,WALK,ANY,5,5,5,
324,396,WALK,ANY,4,5,5,
324,396,WALK,ANY,4,5,5,
324,396,WALK,ANY,1,5,5,
324,396,WALK,ANY,1,5,5,
324,283,SWARM,ANY,20,5,5,Swarm
324,283,WALK,DAY,10,5,5,
324,298,WALK,DAY,10,5,5,
324,283,WALK,NIGHT,10,5,5,
324,298,WALK,NIGHT,10,5,5,
324,360,RADAR,ANY,20,5,5,PokeRadar
324,52,WALK,ANY,10,5,5,Incense Burner (Alolan form)
324,52,WALK,ANY,10,5,5,Incense Burner (Alolan form)
324,79,SURF,ANY,30,40,40,Surfing + Incense Burner (Galarian form)
324,283,SURF,ANY,60,40,40,
324,283,SURF,ANY,30,40,40,
324,284,SURF,ANY,5,40,40,
324,284,SURF,ANY,4,40,40,
324,284,SURF,ANY,1,40,40,
324,129,OLD_ROD,ANY,60,10,10,
324,129,OLD_ROD,ANY,30,10,10,
324,129,OLD_ROD,ANY,5,10,10,
324,129,OLD_ROD,ANY,4,10,10,
324,129,OLD_ROD,ANY,1,10,10,
324,129,GOOD_ROD,ANY,60,25,25,
324,129,GOOD_ROD,ANY,30,25,25,
324,129,GOOD_ROD,ANY,5,25,25,
324,129,GOOD_ROD,ANY,4,25,25,
324,129,GOOD_ROD,ANY,1,25,25,
324,130,SUPER_ROD,ANY,60,50,50,
324,130,SUPER_ROD,ANY,30,50,50,
324,130,SUPER_ROD,ANY,5,50,50,
324,130,SUPER_ROD,ANY,4,50,50,
324,130,SUPER_ROD,ANY,1,50,50,
327,397,WALK,ANY,20,54,54,
327,400,WALK,ANY,20,54,54,
327,284,WALK,MORNING,10,54,54,
327,284,WALK,MORNING,10,54,54,
327,108,WALK,ANY,10,54,54,
327,55,WALK,ANY,10,54,54,
327,397,WALK,ANY,5,54,54,
327,400,WALK,ANY,5,54,54,
327,397,WALK,ANY,4,54,54,
327,400,WALK,ANY,4,54,54,
327,397,WALK,ANY,1,54,54,
327,400,WALK,ANY,1,54,54,
327,284,SWARM,ANY,20,54,54,Swarm
327,284,WALK,DAY,10,54,54,
327,284,WALK,DAY,10,54,54,
327,284,WALK,NIGHT,10,54,54,
327,284,WALK,NIGHT,10,54,54,
327,202,RADAR,ANY,20,54,54,PokeRadar
327,865,WALK,ANY,10,54,54,Incense Burner
327,865,WALK,ANY,10,54,54,Incense Burner
327,80,SURF,ANY,30,54,54,Surfing + Incense Burner (Galarian form)
327,283,SURF,ANY,60,54,54,
327,283,SURF,ANY,30,54,54,
327,284,SURF,ANY,5,54,54,
327,284,SURF,ANY,4,54,54,
327,284,SURF,ANY,1,54,54,
327,129,OLD_ROD,ANY,60,10,10,
327,129,OLD_ROD,ANY,30,10,10,
327,129,OLD_ROD,ANY,5,10,10,
327,129,OLD_ROD,ANY,4,10,10,
327,129,OLD_ROD,ANY,1,10,10,
327,129,GOOD_ROD,ANY,60,25,25,
327,129,GOOD_ROD,ANY,30,25,25,
327,129,GOOD_ROD,ANY,5,25,25,
327,129,GOOD_ROD,ANY,4,25,25,
327,129,GOOD_ROD,ANY,1,25,25,
327,130,SUPER_ROD,ANY,60,50,50,
327,130,SUPER_ROD,ANY,30,50,50,
327,130,SUPER_ROD,ANY,5,50,50,
327,130,SUPER_ROD,ANY,4,50,50,
327,130,SUPER_ROD,ANY,1,50,50,
330,215,WALK,ANY,20,51,51,
330,460,WALK,ANY,20,51,51,
330,124,WALK,MORNING,10,51,51,
330,221,WALK,MORNING,10,51,51,
330,362,WALK,ANY,10,51,51,
330,215,WALK,ANY,10,51,51,
330,460,WALK,ANY,5,51,51,
330,124,WALK,ANY,5,51,51,
330,221,WALK,ANY,4,51,51,
330,221,WALK,ANY,4,51,51,
330,221,WALK,ANY,1,51,51,
330,221,WALK,ANY,1,51,51,
330,124,SWARM,ANY,20,51,51,Swarm
330,124,WALK,DAY,10,51,51,
330,221,WALK,DAY,10,51,51,
330,124,WALK,NIGHT,10,51,51,
330,221,WALK,NIGHT,10,51,51,
330,202,RADAR,ANY,20,51,51,PokeRadar
330,866,WALK,ANY,10,51,51,Incense Burner
330,866,WALK,ANY,10,51,51,Incense Burner
330,864,SURF,ANY,30,51,51,Surfing + Incense Burner
330,364,SURF,ANY,60,51,51,
330,87,SURF,ANY,30,51,51,
330,131,SURF,ANY,5,51,51,
330,87,SURF,ANY,4,51,51,
330,87,SURF,ANY,1,51,51,
330,129,OLD_ROD,ANY,60,10,10,
330,129,OLD_ROD,ANY,30,10,10,
330,129,OLD_ROD,ANY,5,10,10,
330,129,OLD_ROD,ANY,4,10,10,
330,129,OLD_ROD,ANY,1,10,10,
330,129,GOOD_ROD,ANY,60,25,25,
330,129,GOOD_ROD,ANY,30,25,25,
330,129,GOOD_ROD,ANY,5,25,25,
330,129,GOOD_ROD,ANY,4,25,25,
330,129,GOOD_ROD,ANY,1,25,25,
330,130,SUPER_ROD,ANY,60,50,50,
330,130,SUPER_ROD,ANY,30,50,50,
330,130,SUPER_ROD,ANY,5,50,50,
330,130,SUPER_ROD,ANY,4,50,50,
330,130,SUPER_ROD,ANY,1,50,50,
347,203,WALK,ANY,20,33,33,
347,400,WALK,ANY,20,33,33,
347,33,WALK,MORNING,10,33,33,
347,30,WALK,MORNING,10,33,33,
347,203,WALK,ANY,10,33,33,
347,402,WALK,ANY,10,33,33,
347,33,WALK,ANY,5,33,33,
347,30,WALK,ANY,5,33,33,
347,33,WALK,ANY,4,33,33,
347,30,WALK,ANY,4,33,33,
347,33,WALK,ANY,1,33,33,
347,30,WALK,ANY,1,33,33,
347,30,SWARM,ANY,20,33,33,Swarm
347,33,WALK,DAY,10,33,33,
347,30,WALK,DAY,10,33,33,
347,33,WALK,NIGHT,10,33,33,
347,30,WALK,NIGHT,10,33,33,
347,49,RADAR,ANY,20,33,33,PokeRadar
347,103,WALK,ANY,10,33,33,Incense Burner (Alolan form)
347,103,WALK,ANY,10,33,33,Incense Burner (Alolan form)
351,221,WALK,ANY,20,49,49,
351,361,WALK,ANY,20,49,49,
351,460,WALK,MORNING,10,49,49,
351,362,WALK,MORNING,10,49,49,
351,124,WALK,ANY,10,49,49,
351,225,WALK,ANY,10,49,49,
351,215,WALK,ANY,5,49,49,
351,221,WALK,ANY,5,49,49,
351,215,WALK,ANY,4,49,49,
351,221,WALK,ANY,4,49,49,
351,215,WALK,ANY,1,49,49,
351,221,WALK,ANY,1,49,49,
351,460,SWARM,ANY,20,49,49,Swarm
351,460,WALK,DAY,10,49,49,
351,362,WALK,DAY,10,49,49,
351,460,WALK,NIGHT,10,49,49,
351,362,WALK,NIGHT,10,49,49,
351,478,RADAR,ANY,20,49,49,PokeRadar
351,903,WALK,ANY,10,49,49,Incense Burner
351,903,WALK,ANY,10,49,49,Incense Burner
354,396,WALK,ANY,20,5,5,
354,399,WALK,ANY,20,5,5,
354,16,WALK,MORNING,10,5,5,
354,401,WALK,MORNING,10,5,5,
354,399,WALK,ANY,10,5,5,
354,396,WALK,ANY,10,5,5,
354,32,WALK,ANY,5,5,5,
354,29,WALK,ANY,5,5,5,
354,32,WALK,ANY,4,5,5,
354,29,WALK,ANY,4,5,5,
354,32,WALK,ANY,1,5,5,
354,29,WALK,ANY,1,5,5,
354,16,SWARM,ANY,20,5,5,Swarm
354,16,WALK,DAY,10,5,5,
354,16,WALK,DAY,10,5,5,
354,163,WALK,NIGHT,10,5,5,
354,401,WALK,NIGHT,10,5,5,
354,84,RADAR,ANY,20,5,5,PokeRadar
354,19,WALK,ANY,10,5,5,Incense Burner (Alolan form)
354,19,WALK,ANY,10,5,5,Incense Burner (Alolan form)
355,403,WALK,ANY,20,6,6,
355,263,WALK,ANY,20,6,6,
355,161,WALK,MORNING,10,6,6,
355,161,WALK,MORNING,10,6,6,
355,19,WALK,ANY,10,6,6,
355,412,WALK,ANY,10,6,6,
355,58,WALK,ANY,5,6,6,
355,261,WALK,ANY,5,6,6,
355,58,WALK,ANY,4,6,6,
355,261,WALK,ANY,4,6,6,
355,58,WALK,ANY,1,6,6,
355,261,WALK,ANY,1,6,6,
355,161,SWARM,ANY,20,6,6,Swarm
355,161,WALK,DAY,10,6,6,
355,161,WALK,DAY,10,6,6,
355,163,WALK,NIGHT,10,6,6,
355,163,WALK,NIGHT,10,6,6,
355,228,RADAR,ANY,20,6,6,PokeRadar
355,58,WALK,ANY,10,6,6,Incense Burner (Hisuian form)
355,58,WALK,ANY,10,6,6,Incense Burner (Hisuian form)
356,396,WALK,ANY,20,8,8,
356,399,WALK,ANY,20,8,8,
356,21,WALK,MORNING,10,8,8,
356,104,WALK,MORNING,10,8,8,
356,270,WALK,ANY,10,8,8,
356,273,WALK,ANY,10,8,8,
356,396,WALK,ANY,5,8,8,
356,63,WALK,ANY,5,8,8,
356,21,WALK,ANY,4,8,8,
356,63,WALK,ANY,4,8,8,
356,21,WALK,ANY,1,8,8,
356,63,WALK,ANY,1,8,8,
356,21,SWARM,ANY,20,8,8,Swarm
356,21,WALK,DAY,10,8,8,
356,104,WALK,DAY,10,8,8,
356,21,WALK,NIGHT,10,8,8,
356,104,WALK,NIGHT,10,8,8,
356,204,RADAR,ANY,20,8,8,PokeRadar
356,263,WALK,ANY,10,8,8,Incense Burner (Galarian form)
356,263,WALK,ANY,10,8,8,Incense Burner (Galarian form)
356,79,SURF,ANY,30,40,40,Surfing + Incense Burner (Galarian form)
356,54,SURF,ANY,60,40,40,
356,54,SURF,ANY,30,40,40,
356,55,SURF,ANY,5,40,40,
356,55,SURF,ANY,4,40,40,
356,55,SURF,ANY,1,40,40,
356,129,OLD_ROD,ANY,60,10,10,
356,341,OLD_ROD,ANY,30,10,10,
356,129,OLD_ROD,ANY,5,10,10,
356,341,OLD_ROD,ANY,4,10,10,
356,341,OLD_ROD,ANY,1,10,10,
356,129,GOOD_ROD,ANY,60,25,25,
356,341,GOOD_ROD,ANY,30,25,25,
356,129,GOOD_ROD,ANY,5,25,25,
356,341,GOOD_ROD,ANY,4,25,25,
356,341,GOOD_ROD,ANY,1,25,25,
356,130,SUPER_ROD,ANY,60,50,50,
356,342,SUPER_ROD,ANY,30,50,50,
356,130,SUPER_ROD,ANY,5,50,50,
356,342,SUPER_ROD,ANY,4,50,50,
356,342,SUPER_ROD,ANY,1,50,50,
357,396,WALK,ANY,20,7,7,
357,406,WALK,ANY,20,7,7,
357,265,WALK,MORNING,10,7,7,
357,165,WALK,MORNING,10,7,7,
357,10,WALK,ANY,10,7,7,
357,13,WALK,ANY,10,7,7,
357,69,WALK,ANY,5,7,7,
357,280,WALK,ANY,5,7,7,
357,69,WALK,ANY,4,7,7,
357,280,WALK,ANY,4,7,7,
357,69,WALK,ANY,1,7,7,
357,280,WALK,ANY,1,7,7,
357,265,SWARM,ANY,20,7,7,Swarm
357,265,WALK,DAY,10,7,7,
357,191,WALK,DAY,10,7,7,
357,43,WALK,NIGHT,10,7,7,
357,167,WALK,NIGHT,10,7,7,
357,315,RADAR,ANY,20,7,7,PokeRadar
357,25,WALK,ANY,10,7,7,Incense Burner
357,25,WALK,ANY,10,7,7,Incense Burner
357,222,SURF,ANY,30,40,40,Surfing + Incense Burner (Galarian form)
357,183,SURF,ANY,60,40,40,
357,183,SURF,ANY,30,40,40,
357,184,SURF,ANY,5,40,40,
357,184,SURF,ANY,4,40,40,
357,184,SURF,ANY,1,40,40,
357,129,OLD_ROD,ANY,60,10,10,
357,118,OLD_ROD,ANY,30,10,10,
357,341,OLD_ROD,ANY,5,10,10,
357,341,OLD_ROD,ANY,4,10,10,
357,341,OLD_ROD,ANY,1,10,10,
357,129,GOOD_ROD,ANY,60,25,25,
357,118,GOOD_ROD,ANY,30,25,25,
357,341,GOOD_ROD,ANY,5,25,25,
357,341,GOOD_ROD,ANY,4,25,25,
357,341,GOOD_ROD,ANY,1,25,25,
357,130,SUPER_ROD,ANY,60,50,50,
357,119,SUPER_ROD,ANY,30,50,50,
357,342,SUPER_ROD,ANY,5,50,50,
357,342,SUPER_ROD,ANY,4,50,50,
357,342,SUPER_ROD,ANY,1,50,50,
358,396,WALK,ANY,20,12,12,
358,406,WALK,ANY,20,12,12,
358,265,WALK,MORNING,10,12,12,
358,165,WALK,MORNING,10,12,12,
358,10,WALK,ANY,10,12,12,
358,13,WALK,ANY,10,12,12,
358,69,WALK,ANY,5,12,12,
358,280,WALK,ANY,5,12,12,
358,69,WALK,ANY,4,12,12,
358,280,WALK,ANY,4,12,12,
358,69,WALK,ANY,1,12,12,
358,280,WALK,ANY,1,12,12,
358,265,SWARM,ANY,20,12,12,Swarm
358,265,WALK,DAY,10,12,12,
358,191,WALK,DAY,10,12,12,
358,167,WALK,NIGHT,10,12,12,
358,43,WALK,NIGHT,10,12,12,
358,315,RADAR,ANY,20,12,12,PokeRadar
358,77,WALK,ANY,10,12,12,Incense Burner (Galarian form)
358,77,WALK,ANY,10,12,12,Incense Burner (Galarian form)
359,422,WALK,ANY,20,13,13,
359,418,WALK,ANY,20,13,13,
359,187,WALK,MORNING,10,13,13,
359,187,WALK,MORNING,10,13,13,
359,422,WALK,ANY,10,13,13,
359,179,WALK,ANY,10,13,13,
359,179,WALK,ANY,5,13,13,
359,179,WALK,ANY,5,13,13,
359,417,WALK,ANY,4,13,13,
359,417,WALK,ANY,4,13,13,
359,417,WALK,ANY,1,13,13,
359,417,WALK,ANY,1,13,13,
359,187,SWARM,ANY,20,13,13,Swarm
359,187,WALK,DAY,10,13,13,
359,187,WALK,DAY,10,13,13,
359,48,WALK,NIGHT,10,13,13,
359,48,WALK,NIGHT,10,13,13,
359,312,RADAR,ANY,20,13,13,PokeRadar
359,439,WALK,ANY,10,13,13,Incense Burner
359,439,WALK,ANY,10,13,13,Incense Burner
359,222,SURF,ANY,30,40,40,Surfing + Incense Burner (Galarian form)
359,422,SURF,ANY,60,40,40,
359,72,SURF,ANY,30,40,40,
359,423,SURF,ANY,5,40,40,
359,73,SURF,ANY,4,40,40,
359,73,SURF,ANY,1,40,40,
359,129,OLD_ROD,ANY,60,10,10,
359,90,OLD_ROD,ANY,30,10,10,
359,170,OLD_ROD,ANY,5,10,10,
359,170,OLD_ROD,ANY,4,10,10,
359,170,OLD_ROD,ANY,1,10,10,
359,129,GOOD_ROD,ANY,60,25,25,
359,90,GOOD_ROD,ANY,30,25,25,
359,170,GOOD_ROD,ANY,5,25,25,
359,170,GOOD_ROD,ANY,4,25,25,
359,170,GOOD_ROD,ANY,1,25,25,
359,130,SUPER_ROD,ANY,60,50,50,
359,91,SUPER_ROD,ANY,30,50,50,
359,171,SUPER_ROD,ANY,5,50,50,
359,171,SUPER_ROD,ANY,4,50,50,
359,171,SUPER_ROD,ANY,1,50,50,
361,399,WALK,ANY,20,17,17,
361,79,WALK,ANY,20,17,17,
361,183,WALK,MORNING,10,17,17,
361,453,WALK,MORNING,10,17,17,
361,102,WALK,ANY,10,17,17,
361,183,WALK,ANY,10,17,17,
361,313,WALK,ANY,5,17,17,
361,314,WALK,ANY,5,17,17,
361,313,WALK,ANY,4,17,17,
361,314,WALK,ANY,4,17,17,
361,313,WALK,ANY,1,17,17,
361,314,WALK,ANY,1,17,17,
361,183,SWARM,ANY,20,17,17,Swarm
361,183,WALK,DAY,10,17,17,
361,453,WALK,DAY,10,17,17,
361,183,WALK,NIGHT,10,17,17,
361,453,WALK,NIGHT,10,17,17,
361,193,RADAR,ANY,20,17,17,PokeRadar
361,58,WALK,ANY,10,17,17,Incense Burner (Hisuian form)
361,58,WALK,ANY,10,17,17,Incense Burner (Hisuian form)
361,211,SURF,ANY,30,40,40,Surfing + Incense Burner (Hisuian form)
361,183,SURF,ANY,60,40,40,
361,183,SURF,ANY,30,40,40,
361,184,SURF,ANY,5,40,40,
361,184,SURF,ANY,4,40,40,
361,184,SURF,ANY,1,40,40,
361,129,OLD_ROD,ANY,60,10,10,
361,341,OLD_ROD,ANY,30,10,10,
361,341,OLD_ROD,ANY,5,10,10,
361,129,OLD_ROD,ANY,4,10,10,
361,129,OLD_ROD,ANY,1,10,10,
361,129,GOOD_ROD,ANY,60,25,25,
361,341,GOOD_ROD,ANY,30,25,25,
361,341,GOOD_ROD,ANY,5,25,25,
361,129,GOOD_ROD,ANY,4,25,25,
361,129,GOOD_ROD,ANY,1,25,25,
361,130,SUPER_ROD,ANY,60,50,50,
361,342,SUPER_ROD,ANY,30,50,50,
361,342,SUPER_ROD,ANY,5,50,50,
361,130,SUPER_ROD,ANY,4,50,50,
361,130,SUPER_ROD,ANY,1,50,50,
362,434,WALK,ANY,20,22,22,
362,218,WALK,ANY,20,22,22,
362,56,WALK,MORNING,10,22,22,
362,56,WALK,MORNING,10,22,22,
362,240,WALK,ANY,10,22,22,
362,325,WALK,ANY,10,22,22,
362,322,WALK,ANY,5,22,22,
362,207,WALK,ANY,5,22,22,
362,322,WALK,ANY,4,22,22,
362,207,WALK,ANY,4,22,22,
362,322,WALK,ANY,1,22,22,
362,207,WALK,ANY,1,22,22,
362,56,SWARM,ANY,20,22,22,Swarm
362,56,WALK,DAY,10,22,22,
362,56,WALK,DAY,10,22,22,
362,56,WALK,NIGHT,10,22,22,
362,56,WALK,NIGHT,10,22,22,
362,324,RADAR,ANY,20,22,22,PokeRadar
362,74,WALK,ANY,10,22,22,Incense Burner (Alolan form)
362,74,WALK,ANY,10,22,22,Incense Burner (Alolan form)
364,66,WALK,ANY,20,10,10,
364,231,WALK,ANY,20,10,10,
364,66,WALK,MORNING,10,10,10,
364,111,WALK,MORNING,10,10,10,
364,77,WALK,ANY,10,10,10,
364,111,WALK,ANY,10,10,10,
364,246,WALK,ANY,5,10,10,
364,246,WALK,ANY,5,10,10,
364,77,WALK,ANY,4,10,10,
364,77,WALK,ANY,4,10,10,
364,77,WALK,ANY,1,10,10,
364,77,WALK,ANY,1,10,10,
364,66,SWARM,ANY,20,10,10,Swarm
364,66,WALK,DAY,10,10,10,
364,111,WALK,DAY,10,10,10,
364,66,WALK,NIGHT,10,10,10,
364,111,WALK,NIGHT,10,10,10,
364,234,RADAR,ANY,20,10,10,PokeRadar
364,52,WALK,ANY,10,10,10,Incense Burner (Galarian form)
364,52,WALK,ANY,10,10,10,Incense Burner (Galarian form)
365,400,WALK,ANY,20,24,24,
365,315,WALK,ANY,20,24,24,
365,300,WALK,MORNING,10,24,24,
365,39,WALK,MORNING,10,24,24,
365,281,WALK,ANY,10,24,24,
365,235,WALK,ANY,10,24,24,
365,335,WALK,ANY,5,24,24,
365,336,WALK,ANY,5,24,24,
365,335,WALK,ANY,4,24,24,
365,336,WALK,ANY,4,24,24,
365,335,WALK,ANY,1,24,24,
365,336,WALK,ANY,1,24,24,
365,300,SWARM,ANY,20,24,24,Swarm
365,300,WALK,DAY,10,24,24,
365,39,WALK,DAY,10,24,24,
365,300,WALK,NIGHT,10,24,24,
365,39,WALK,NIGHT,10,24,24,
365,206,RADAR,ANY,20,24,24,PokeRadar
365,83,WALK,ANY,10,24,24,Incense Burner (Galarian form)
365,83,WALK,ANY,10,24,24,Incense Burner (Galarian form)
365,79,SURF,ANY,30,40,40,Surfing + Incense Burner (Galarian form)
365,54,SURF,ANY,60,40,40,
365,54,SURF,ANY,30,40,40,
365,55,SURF,ANY,5,40,40,
365,55,SURF,ANY,4,40,40,
365,55,SURF,ANY,1,40,40,
365,129,OLD_ROD,ANY,60,10,10,
365,118,OLD_ROD,ANY,30,10,10,
365,223,OLD_ROD,ANY,5,10,10,
365,223,OLD_ROD,ANY,4,10,10,
365,223,OLD_ROD,ANY,1,10,10,
365,129,GOOD_ROD,ANY,60,25,25,
365,118,GOOD_ROD,ANY,30,25,25,
365,223,GOOD_ROD,ANY,5,25,25,
365,223,GOOD_ROD,ANY,4,25,25,
365,223,GOOD_ROD,ANY,1,25,25,
365,130,SUPER_ROD,ANY,60,50,50,
365,119,SUPER_ROD,ANY,30,50,50,
365,224,SUPER_ROD,ANY,5,50,50,
365,224,SUPER_ROD,ANY,4,50,50,
365,224,SUPER_ROD,ANY,1,50,50,
367,397,WALK,ANY,20,26,26,
367,431,WALK,ANY,20,26,26,
367,37,WALK,MORNING,10,26,26,
367,209,WALK,MORNING,10,26,26,
367,52,WALK,ANY,10,26,26,
367,113,WALK,ANY,10,26,26,
367,439,WALK,ANY,5,26,26,
367,438,WALK,ANY,5,26,26,
367,439,WALK,ANY,4,26,26,
367,438,WALK,ANY,4,26,26,
367,439,WALK,ANY,1,26,26,
367,438,WALK,ANY,1,26,26,
367,37,SWARM,ANY,20,26,26,Swarm
367,37,WALK,DAY,10,26,26,
367,209,WALK,DAY,10,26,26,
367,37,WALK,NIGHT,10,26,26,
367,209,WALK,NIGHT,10,26,26,
367,432,RADAR,ANY,20,26,26,PokeRadar
367,123,WALK,ANY,10,26,26,Incense Burner
367,123,WALK,ANY,10,26,26,Incense Burner
367,222,SURF,ANY,30,40,40,Surfing + Incense Burner (Galarian form)
367,54,SURF,ANY,60,40,40,
367,54,SURF,ANY,30,40,40,
367,55,SURF,ANY,5,40,40,
367,55,SURF,ANY,4,40,40,
367,55,SURF,ANY,1,40,40,
367,129,OLD_ROD,ANY,60,10,10,
367,118,OLD_ROD,ANY,30,10,10,
367,129,OLD_ROD,ANY,5,10,10,
367,118,OLD_ROD,ANY,4,10,10,
367,118,OLD_ROD,ANY,1,10,10,
367,129,GOOD_ROD,ANY,60,25,25,
367,118,GOOD_ROD,ANY,30,25,25,
367,129,GOOD_ROD,ANY,5,25,25,
367,118,GOOD_ROD,ANY,4,25,25,
367,118,GOOD_ROD,ANY,1,25,25,
367,130,SUPER_ROD,ANY,60,50,50,
367,119,SUPER_ROD,ANY,30,50,50,
367,130,SUPER_ROD,ANY,5,50,50,
367,119,SUPER_ROD,ANY,4,50,50,
367,119,SUPER_ROD,ANY,1,50,50,
368,353,WALK,ANY,20,30,30,
368,355,WALK,ANY,20,30,30,
368,93,WALK,MORNING,10,30,30,
368,42,WALK,MORNING,10,30,30,
368,198,WALK,ANY,10,30,30,
368,200,WALK,ANY,10,30,30,
368,42,WALK,ANY,5,30,30,
368,93,WALK,ANY,5,30,30,
368,356,WALK,ANY,4,30,30,
368,354,WALK,ANY,4,30,30,
368,356,WALK,ANY,1,30,30,
368,354,WALK,ANY,1,30,30,
368,93,SWARM,ANY,20,30,30,Swarm
368,93,WALK,DAY,10,30,30,
368,42,WALK,DAY,10,30,30,
368,93,WALK,NIGHT,10,30,30,
368,42,WALK,NIGHT,10,30,30,
368,354,RADAR,ANY,20,30,30,PokeRadar
368,109,WALK,ANY,10,30,30,Incense Burner
368,109,WALK,ANY,10,30,30,Incense Burner
369,353,WALK,ANY,20,30,30,
369,355,WALK,ANY,20,30,30,
369,93,WALK,MORNING,10,30,30,
369,42,WALK,MORNING,10,30,30,
369,198,WALK,ANY,10,30,30,
369,200,WALK,ANY,10,30,30,
369,42,WALK,ANY,5,30,30,
369,93,WALK,ANY,5,30,30,
369,356,WALK,ANY,4,30,30,
369,354,WALK,ANY,4,30,30,
369,356,WALK,ANY,1,30,30,
369,354,WALK,ANY,1,30,30,
369,93,SWARM,ANY,20,30,30,Swarm
369,93,WALK,DAY,10,30,30,
369,42,WALK,DAY,10,30,30,
369,93,WALK,NIGHT,10,30,30,
369,42,WALK,NIGHT,10,30,30,
369,354,RADAR,ANY,20,30,30,PokeRadar
369,109,WALK,ANY,10,30,30,Incense Burner
369,109,WALK,ANY,10,30,30,Incense Burner
370,353,WALK,ANY,20,30,30,
370,355,WALK,ANY,20,30,30,
370,93,WALK,MORNING,10,30,30,
370,42,WALK,MORNING,10,30,30,
370,198,WALK,ANY,10,30,30,
370,200,WALK,ANY,10,30,30,
370,42,WALK,ANY,5,30,30,
370,93,WALK,ANY,5,30,30,
370,356,WALK,ANY,4,30,30,
370,354,WALK,ANY,4,30,30,
370,356,WALK,ANY,1,30,30,
370,354,WALK,ANY,1,30,30,
370,93,SWARM,ANY,20,30,30,Swarm
370,93,WALK,DAY,10,30,30,
370,42,WALK,DAY,10,30,30,
370,93,WALK,NIGHT,10,30,30,
370,42,WALK,NIGHT,10,30,30,
370,354,RADAR,ANY,20,30,30,PokeRadar
370,109,WALK,ANY,10,30,30,Incense Burner
370,109,WALK,ANY,10,30,30,Incense Burner
371,353,WALK,ANY,20,30,30,
371,355,WALK,ANY,20,30,30,
371,93,WALK,MORNING,10,30,30,
371,42,WALK,MORNING,10,30,30,
371,198,WALK,ANY,10,30,30,
371,200,WALK,ANY,10,30,30,
371,42,WALK,ANY,5,30,30,
371,93,WALK,ANY,5,30,30,
371,356,WALK,ANY,4,30,30,
371,354,WALK,ANY,4,30,30,
371,356,WALK,ANY,1,30,30,
371,354,WALK,ANY,1,30,30,
371,93,SWARM,ANY,20,30,30,Swarm
371,93,WALK,DAY,10,30,30,
371,42,WALK,DAY,10,30,30,
371,93,WALK,NIGHT,10,30,30,
371,42,WALK,NIGHT,10,30,30,
371,354,RADAR,ANY,20,30,30,PokeRadar
371,109,WALK,ANY,10,30,30,Incense Burner
371,109,WALK,ANY,10,30,30,Incense Burner
372,353,WALK,ANY,20,30,30,
372,355,WALK,ANY,20,30,30,
372,93,WALK,MORNING,10,30,30,
372,42,WALK,MORNING,10,30,30,
372,198,WALK,ANY,10,30,30,
372,200,WALK,ANY,10,30,30,
372,42,WALK,ANY,5,30,30,
372,93,WALK,ANY,5,30,30,
372,356,WALK,ANY,4,30,30,
372,354,WALK,ANY,4,30,30,
372,356,WALK,ANY,1,30,30,
372,354,WALK,ANY,1,30,30,
372,93,SWARM,ANY,20,30,30,Swarm
372,93,WALK,DAY,10,30,30,
372,42,WALK,DAY,10,30,30,
372,93,WALK,NIGHT,10,30,30,
372,42,WALK,NIGHT,10,30,30,
372,354,RADAR,ANY,20,30,30,PokeRadar
372,109,WALK,ANY,10,30,30,Incense Burner
372,109,WALK,ANY,10,30,30,Incense Burner
373,402,WALK,ANY,20,30,30,
373,274,WALK,ANY,20,30,30,
373,127,WALK,MORNING,10,30,30,
373,17,WALK,MORNING,10,30,30,
373,241,WALK,ANY,10,30,30,
373,128,WALK,ANY,10,30,30,
373,78,WALK,ANY,5,30,30,
373,123,WALK,ANY,5,30,30,
373,123,WALK,ANY,4,30,30,
373,123,WALK,ANY,4,30,30,
373,123,WALK,ANY,1,30,30,
373,123,WALK,ANY,1,30,30,
373,127,SWARM,ANY,20,30,30,Swarm
373,127,WALK,DAY,10,30,30,
373,17,WALK,DAY,10,30,30,
373,127,WALK,NIGHT,10,30,30,
373,164,WALK,NIGHT,10,30,30,
373,352,RADAR,ANY,20,30,30,PokeRadar
373,88,WALK,ANY,10,30,30,Incense Burner (Alolan form)
373,88,WALK,ANY,10,30,30,Incense Burner (Alolan form)
375,333,WALK,ANY,20,38,38,
375,22,WALK,ANY,20,38,38,
375,67,WALK,MORNING,10,38,38,
375,426,WALK,MORNING,10,38,38,
375,335,WALK,ANY,10,38,38,
375,336,WALK,ANY,10,38,38,
375,227,WALK,ANY,5,38,38,
375,372,WALK,ANY,5,38,38,
375,227,WALK,ANY,4,38,38,
375,372,WALK,ANY,4,38,38,
375,227,WALK,ANY,1,38,38,
375,372,WALK,ANY,1,38,38,
375,67,SWARM,ANY,20,38,38,Swarm
375,67,WALK,DAY,10,38,38,
375,426,WALK,DAY,10,38,38,
375,67,WALK,NIGHT,10,38,38,
375,426,WALK,NIGHT,10,38,38,
375,352,RADAR,ANY,20,38,38,PokeRadar
375,110,WALK,ANY,10,38,38,Incense Burner (Galarian form)
375,110,WALK,ANY,10,38,38,Incense Burner (Galarian form)
375,79,SURF,ANY,30,40,40,Surfing + Incense Burner (Galarian form)
375,54,SURF,ANY,60,40,40,
375,54,SURF,ANY,30,40,40,
375,55,SURF,ANY,5,40,40,
375,55,SURF,ANY,4,40,40,
375,55,SURF,ANY,1,40,40,
375,129,OLD_ROD,ANY,60,10,10,
375,116,OLD_ROD,ANY,30,10,10,
375,147,OLD_ROD,ANY,5,10,10,
375,147,OLD_ROD,ANY,4,10,10,
375,147,OLD_ROD,ANY,1,10,10,
375,129,GOOD_ROD,ANY,60,25,25,
375,116,GOOD_ROD,ANY,30,25,25,
375,147,GOOD_ROD,ANY,5,25,25,
375,147,GOOD_ROD,ANY,4,25,25,
375,147,GOOD_ROD,ANY,1,25,25,
375,130,SUPER_ROD,ANY,60,50,50,
375,117,SUPER_ROD,ANY,30,50,50,
375,148,SUPER_ROD,ANY,5,50,50,
375,148,SUPER_ROD,ANY,4,50,50,
375,148,SUPER_ROD,ANY,1,50,50,
377,307,WALK,ANY,20,18,18,
377,66,WALK,ANY,20,18,18,
377,333,WALK,MORNING,10,18,18,
377,216,WALK,MORNING,10,18,18,
377,177,WALK,ANY,10,18,18,
377,433,WALK,ANY,10,18,18,
377,333,WALK,ANY,5,18,18,
377,307,WALK,ANY,5,18,18,
377,307,WALK,ANY,4,18,18,
377,333,WALK,ANY,4,18,18,
377,307,WALK,ANY,1,18,18,
377,333,WALK,ANY,1,18,18,
377,333,SWARM,ANY,20,18,18,Swarm
377,333,WALK,DAY,10,18,18,
377,216,WALK,DAY,10,18,18,
377,333,WALK,NIGHT,10,18,18,
377,216,WALK,NIGHT,10,18,18,
377,236,RADAR,ANY,20,18,18,PokeRadar
377,109,WALK,ANY,10,18,18,Incense Burner
377,109,WALK,ANY,10,18,18,Incense Burner
378,307,WALK,ANY,20,19,19,
378,333,WALK,ANY,20,19,19,
378,307,WALK,MORNING,10,19,19,
378,66,WALK,MORNING,10,19,19,
378,66,WALK,ANY,10,19,19,
378,371,WALK,ANY,10,19,19,
378,216,WALK,ANY,5,19,19,
378,177,WALK,ANY,5,19,19,
378,216,WALK,ANY,4,19,19,
378,177,WALK,ANY,4,19,19,
378,216,WALK,ANY,1,19,19,
378,177,WALK,ANY,1,19,19,
378,307,SWARM,ANY,20,19,19,Swarm
378,307,WALK,DAY,10,19,19,
378,66,WALK,DAY,10,19,19,
378,307,WALK,NIGHT,10,19,19,
378,66,WALK,NIGHT,10,19,19,
378,236,RADAR,ANY,20,19,19,PokeRadar
378,104,WALK,ANY,10,19,19,Incense Burner
378,104,WALK,ANY,10,19,19,Incense Burner
379,397,WALK,ANY,20,26,26,
379,183,WALK,ANY,20,26,26,
379,315,WALK,MORNING,10,26,26,
379,70,WALK,MORNING,10,26,26,
379,44,WALK,ANY,10,26,26,
379,281,WALK,ANY,10,26,26,
379,235,WALK,ANY,5,26,26,
379,235,WALK,ANY,5,26,26,
379,397,WALK,ANY,4,26,26,
379,397,WALK,ANY,4,26,26,
379,397,WALK,ANY,1,26,26,
379,397,WALK,ANY,1,26,26,
379,315,SWARM,ANY,20,26,26,Swarm
379,315,WALK,DAY,10,26,26,
379,70,WALK,DAY,10,26,26,
379,315,WALK,NIGHT,10,26,26,
379,70,WALK,NIGHT,10,26,26,
379,83,RADAR,ANY,20,26,26,PokeRadar
379,216,WALK,ANY,10,26,26,Incense Burner
379,216,WALK,ANY,10,26,26,Incense Burner
379,211,SURF,ANY,30,40,40,Surfing + Incense Burner (Hisuian form)
379,183,SURF,ANY,60,40,40,
379,183,SURF,ANY,30,40,40,
379,184,SURF,ANY,5,40,40,
379,184,SURF,ANY,4,40,40,
379,184,SURF,ANY,1,40,40,
379,129,OLD_ROD,ANY,60,10,10,
379,118,OLD_ROD,ANY,30,10,10,
379,129,OLD_ROD,ANY,5,10,10,
379,118,OLD_ROD,ANY,4,10,10,
379,118,OLD_ROD,ANY,1,10,10,
379,129,GOOD_ROD,ANY,60,25,25,
379,118,GOOD_ROD,ANY,30,25,25,
379,129,GOOD_ROD,ANY,5,25,25,
379,118,GOOD_ROD,ANY,4,25,25,
379,118,GOOD_ROD,ANY,1,25,25,
379,130,SUPER_ROD,ANY,60,50,50,
379,119,SUPER_ROD,ANY,30,50,50,
379,130,SUPER_ROD,ANY,5,50,50,
379,119,SUPER_ROD,ANY,4,50,50,
379,119,SUPER_ROD,ANY,1,50,50,
380,172,WALK,ANY,20,26,26,
380,25,WALK,ANY,20,26,26,
380,133,WALK,MORNING,10,26,26,
380,137,WALK,MORNING,10,26,26,
380,175,WALK,ANY,10,26,26,
380,174,WALK,ANY,10,26,26,
380,440,WALK,ANY,5,26,26,
380,133,WALK,ANY,5,26,26,
380,440,WALK,ANY,4,26,26,
380,133,WALK,ANY,4,26,26,
380,440,WALK,ANY,1,26,26,
380,133,WALK,ANY,1,26,26,
380,173,SWARM,ANY,20,26,26,Swarm
380,133,WALK,DAY,10,26,26,
380,137,WALK,DAY,10,26,26,
380,173,WALK,NIGHT,10,26,26,
380,173,WALK,NIGHT,10,26,26,
380,351,RADAR,ANY,20,26,26,PokeRadar
380,155,WALK,ANY,10,26,26,Incense Burner
380,216,WALK,ANY,10,26,26,Incense Burner
383,453,WALK,ANY,20,36,36,
383,88,WALK,ANY,20,36,36,
383,109,WALK,MORNING,10,36,36,
383,23,WALK,MORNING,10,36,36,
383,70,WALK,ANY,10,36,36,
383,271,WALK,ANY,10,36,36,
383,24,WALK,ANY,5,36,36,
383,454,WALK,ANY,5,36,36,
383,109,WALK,ANY,4,36,36,
383,23,WALK,ANY,4,36,36,
383,109,WALK,ANY,1,36,36,
383,23,WALK,ANY,1,36,36,
383,109,SWARM,ANY,20,36,36,Swarm
383,109,WALK,DAY,10,36,36,
383,23,WALK,DAY,10,36,36,
383,109,WALK,NIGHT,10,36,36,
383,23,WALK,NIGHT,10,36,36,
383,89,RADAR,ANY,20,36,36,PokeRadar
383,123,WALK,ANY,10,36,36,Incense Burner
383,123,WALK,ANY,10,36,36,Incense Burner
383,211,SURF,ANY,30,40,40,Surfing + Incense Burner (Hisuian form)
383,422,SURF,ANY,60,40,40,East Sea form
383,194,SURF,ANY,30,40,40,
383,423,SURF,ANY,5,40,40,
383,195,SURF,ANY,4,40,40,
383,195,SURF,ANY,1,40,40,
383,129,OLD_ROD,ANY,60,10,10,
383,339,OLD_ROD,ANY,30,10,10,
383,223,OLD_ROD,ANY,5,10,10,
383,223,OLD_ROD,ANY,4,10,10,
383,223,OLD_ROD,ANY,1,10,10,
383,129,GOOD_ROD,ANY,60,25,25,
383,339,GOOD_ROD,ANY,30,25,25,
383,223,GOOD_ROD,ANY,5,25,25,
383,223,GOOD_ROD,ANY,4,25,25,
383,223,GOOD_ROD,ANY,1,25,25,
383,130,SUPER_ROD,ANY,60,50,50,
383,340,SUPER_ROD,ANY,30,50,50,
383,224,SUPER_ROD,ANY,5,50,50,
383,224,SUPER_ROD,ANY,4,50,50,
383,224,SUPER_ROD,ANY,1,50,50,
385,279,WALK,ANY,20,34,34,
385,419,WALK,ANY,20,34,34,
385,423,WALK,MORNING,10,34,34,East Sea form
385,441,WALK,MORNING,10,34,34,
385,423,WALK,ANY,10,34,34,East Sea form
385,213,WALK,ANY,10,34,34,
385,423,WALK,ANY,5,34,34,East Sea form
385,277,WALK,ANY,5,34,34,
385,277,WALK,ANY,4,34,34,
385,277,WALK,ANY,4,34,34,
385,277,WALK,ANY,1,34,34,
385,277,WALK,ANY,1,34,34,
385,423,SWARM,ANY,20,34,34,Swarm
385,423,WALK,DAY,10,34,34,East Sea form
385,441,WALK,DAY,10,34,34,
385,423,WALK,NIGHT,10,34,34,East Sea form
385,441,WALK,NIGHT,10,34,34,
385,359,RADAR,ANY,20,34,34,PokeRadar
385,264,WALK,ANY,10,34,34,Incense Burner (Galarian form)
385,264,WALK,ANY,10,34,34,Incense Burner (Galarian form)
385,222,SURF,ANY,30,40,40,Surfing + Incense Burner (Galarian form)
385,72,SURF,ANY,60,40,40,
385,278,SURF,ANY,30,40,40,
385,73,SURF,ANY,5,40,40,
385,279,SURF,ANY,4,40,40,
385,279,SURF,ANY,1,40,40,
385,129,OLD_ROD,ANY,60,10,10,
385,223,OLD_ROD,ANY,30,10,10,
385,320,OLD_ROD,ANY,5,10,10,
385,320,OLD_ROD,ANY,4,10,10,
385,320,OLD_ROD,ANY,1,10,10,
385,129,GOOD_ROD,ANY,60,25,25,
385,223,GOOD_ROD,ANY,30,25,25,
385,320,GOOD_ROD,ANY,5,25,25,
385,320,GOOD_ROD,ANY,4,25,25,
385,320,GOOD_ROD,ANY,1,25,25,
385,130,SUPER_ROD,ANY,60,50,50,
385,224,SUPER_ROD,ANY,30,50,50,
385,321,SUPER_ROD,ANY,5,50,50,
385,321,SUPER_ROD,ANY,4,50,50,
385,321,SUPER_ROD,ANY,1,50,50,
392,75,WALK,ANY,20,32,32,
392,228,WALK,ANY,20,32,32,
392,111,WALK,MORNING,10,32,32,
392,322,WALK,MORNING,10,32,32,
392,325,WALK,ANY,10,32,32,
392,331,WALK,ANY,10,32,32,
392,111,WALK,ANY,5,32,32,
392,322,WALK,ANY,5,32,32,
392,75,WALK,ANY,4,32,32,
392,75,WALK,ANY,4,32,32,
392,75,WALK,ANY,1,32,32,
392,75,WALK,ANY,1,32,32,
392,111,SWARM,ANY,20,32,32,Swarm
392,111,WALK,DAY,10,32,32,
392,322,WALK,DAY,10,32,32,
392,111,WALK,NIGHT,10,32,32,
392,322,WALK,NIGHT,10,32,32,
392,327,RADAR,ANY,20,32,32,PokeRadar
392,83,WALK,ANY,10,32,32,Incense Burner (Galarian form)
392,83,WALK,ANY,10,32,32,Incense Burner (Galarian form)
392,79,SURF,ANY,30,40,40,Surfing + Incense Burner (Galarian form)
392,54,SURF,ANY,60,40,40,
392,54,SURF,ANY,30,40,40,
392,55,SURF,ANY,5,40,40,
392,55,SURF,ANY,4,40,40,
392,55,SURF,ANY,1,40,40,
392,129,OLD_ROD,ANY,60,10,10,
392,118,OLD_ROD,ANY,30,10,10,
392,129,OLD_ROD,ANY,5,10,10,
392,118,OLD_ROD,ANY,4,10,10,
392,118,OLD_ROD,ANY,1,10,10,
392,129,GOOD_ROD,ANY,60,25,25,
392,118,GOOD_ROD,ANY,30,25,25,
392,129,GOOD_ROD,ANY,5,25,25,
392,118,GOOD_ROD,ANY,4,25,25,
392,118,GOOD_ROD,ANY,1,25,25,
392,130,SUPER_ROD,ANY,60,50,50,
392,119,SUPER_ROD,ANY,30,50,50,
392,130,SUPER_ROD,ANY,5,50,50,
392,119,SUPER_ROD,ANY,4,50,50,
392,119,SUPER_ROD,ANY,1,50,50,
394,183,WALK,ANY,20,30,30,
394,96,WALK,ANY,20,30,30,
394,108,WALK,MORNING,10,30,30,
394,64,WALK,MORNING,10,30,30,
394,262,WALK,ANY,10,30,30,
394,264,WALK,ANY,10,30,30,
394,183,WALK,ANY,5,30,30,
394,97,WALK,ANY,5,30,30,
394,108,WALK,ANY,4,30,30,
394,64,WALK,ANY,4,30,30,
394,108,WALK,ANY,1,30,30,
394,64,WALK,ANY,1,30,30,
394,108,SWARM,ANY,20,30,30,Swarm
394,108,WALK,DAY,10,30,30,
394,64,WALK,DAY,10,30,30,
394,108,WALK,NIGHT,10,30,30,
394,64,WALK,NIGHT,10,30,30,
394,359,RADAR,ANY,20,30,30,PokeRadar
394,102,WALK,ANY,10,30,30,Incense Burner
394,102,WALK,ANY,10,30,30,Incense Burner
395,459,WALK,ANY,20,20,20,
395,220,WALK,ANY,20,20,20,
395,238,WALK,MORNING,10,20,20,
395,361,WALK,MORNING,10,20,20,
395,459,WALK,ANY,10,20,20,
395,238,WALK,ANY,10,20,20,
395,220,WALK,ANY,5,20,20,
395,361,WALK,ANY,5,20,20,
395,215,WALK,ANY,4,20,20,
395,215,WALK,ANY,4,20,20,
395,215,WALK,ANY,1,20,20,
395,215,WALK,ANY,1,20,20,
395,238,SWARM,ANY,20,20,20,Swarm
395,238,WALK,DAY,10,20,20,
395,361,WALK,DAY,10,20,20,
395,238,WALK,NIGHT,10,20,20,
395,361,WALK,NIGHT,10,20,20,
395,225,RADAR,ANY,20,20,20,PokeRadar
395,27,WALK,ANY,10,20,20,Incense Burner (Alolan form)
395,37,WALK,ANY,10,20,20,Incense Burner (Alolan form)
397,221,WALK,ANY,20,48,48,
397,361,WALK,ANY,20,48,48,
397,460,WALK,MORNING,10,48,48,
397,362,WALK,MORNING,10,48,48,
397,124,WALK,ANY,10,48,48,
397,225,WALK,ANY,10,48,48,
397,215,WALK,ANY,5,48,48,
397,221,WALK,ANY,5,48,48,
397,215,WALK,ANY,4,48,48,
397,221,WALK,ANY,4,48,48,
397,215,WALK,ANY,1,48,48,
397,221,WALK,ANY,1,48,48,
397,460,SWARM,ANY,20,48,48,Swarm
397,460,WALK,DAY,10,48,48,
397,362,WALK,DAY,10,48,48,
397,460,WALK,NIGHT,10,48,48,
397,362,WALK,NIGHT,10,48,48,
397,478,RADAR,ANY,20,48,48,PokeRadar
397,38,WALK,ANY,10,48,48,Incense Burner (Alolan form)
397,122,WALK,ANY,10,48,48,Incense Burner (Galarian form)
400,419,WALK,ANY,20,39,39,
400,423,WALK,ANY,20,39,39,
400,432,WALK,MORNING,10,39,39,
400,441,WALK,MORNING,10,39,39,
400,122,WALK,ANY,10,39,39,
400,101,WALK,ANY,10,39,39,
400,132,WALK,ANY,5,39,39,
400,132,WALK,ANY,5,39,39,
400,125,WALK,ANY,4,39,39,
400,125,WALK,ANY,4,39,39,
400,125,WALK,ANY,1,39,39,
400,125,WALK,ANY,1,39,39,
400,432,SWARM,ANY,20,39,39,Swarm
400,432,WALK,DAY,10,39,39,
400,441,WALK,DAY,10,39,39,
400,432,WALK,NIGHT,10,39,39,
400,441,WALK,NIGHT,10,39,39,
400,125,RADAR,ANY,20,39,39,PokeRadar
400,51,WALK,ANY,10,39,39,Incense Burner (Alolan form)
400,51,WALK,ANY,10,39,39,Incense Burner (Alolan form)
400,79,SURF,ANY,30,45,45,Surfing + Incense Burner (Galarian form)
400,72,SURF,ANY,60,45,45,
400,422,SURF,ANY,30,45,45,
400,73,SURF,ANY,5,45,45,
400,423,SURF,ANY,4,45,45,
400,423,SURF,ANY,1,45,45,
400,129,OLD_ROD,ANY,60,10,10,
400,456,OLD_ROD,ANY,30,10,10,
400,120,OLD_ROD,ANY,5,10,10,
400,120,OLD_ROD,ANY,4,10,10,
400,120,OLD_ROD,ANY,1,10,10,
400,129,GOOD_ROD,ANY,60,25,25,
400,456,GOOD_ROD,ANY,30,25,25,
400,120,GOOD_ROD,ANY,5,25,25,
400,120,GOOD_ROD,ANY,4,25,25,
400,120,GOOD_ROD,ANY,1,25,25,
400,130,SUPER_ROD,ANY,60,50,50,
400,457,SUPER_ROD,ANY,30,50,50,
400,121,SUPER_ROD,ANY,5,50,50,
400,121,SUPER_ROD,ANY,4,50,50,
400,121,SUPER_ROD,ANY,1,50,50,
403,80,SURF,ANY,30,45,45,Surfing + Incense Burner (Galarian form)
403,278,SURF,ANY,60,45,45,
403,72,SURF,ANY,30,45,45,
403,279,SURF,ANY,5,45,45,
403,73,SURF,ANY,4,45,45,
403,73,SURF,ANY,1,45,45,
403,98,OLD_ROD,ANY,60,10,10,
403,116,OLD_ROD,ANY,30,10,10,
403,366,OLD_ROD,ANY,5,10,10,
403,366,OLD_ROD,ANY,4,10,10,
403,366,OLD_ROD,ANY,1,10,10,
403,98,GOOD_ROD,ANY,60,25,25,
403,116,GOOD_ROD,ANY,30,25,25,
403,366,GOOD_ROD,ANY,5,25,25,
403,366,GOOD_ROD,ANY,4,25,25,
403,366,GOOD_ROD,ANY,1,25,25,
403,99,SUPER_ROD,ANY,60,50,50,
403,117,SUPER_ROD,ANY,30,50,50,
403,367,SUPER_ROD,ANY,5,50,50,
403,368,SUPER_ROD,ANY,4,50,50,
403,368,SUPER_ROD,ANY,1,50,50,
404,185,WALK,ANY,20,40,40,
404,435,WALK,ANY,20,40,40,
404,33,WALK,MORNING,10,40,40,
404,30,WALK,MORNING,10,40,40,
404,85,WALK,ANY,10,40,40,
404,203,WALK,ANY,10,40,40,
404,83,WALK,ANY,5,40,40,
404,83,WALK,ANY,5,40,40,
404,33,WALK,ANY,4,40,40,
404,30,WALK,ANY,4,40,40,
404,33,WALK,ANY,1,40,40,
404,30,WALK,ANY,1,40,40,
404,30,SWARM,ANY,20,40,40,Swarm
404,33,WALK,DAY,10,40,40,
404,30,WALK,DAY,10,40,40,
404,33,WALK,NIGHT,10,40,40,
404,30,WALK,NIGHT,10,40,40,
404,30,RADAR,ANY,20,40,40,PokeRadar
404,863,WALK,ANY,10,40,40,Incense Burner
404,863,WALK,ANY,10,40,40,Incense Burner
404,222,SURF,ANY,30,45,45,Surfing + Incense Burner (Galarian form)
404,278,SURF,ANY,60,45,45,
404,72,SURF,ANY,30,45,45,
404,279,SURF,ANY,5,45,45,
404,73,SURF,ANY,4,45,45,
404,73,SURF,ANY,1,45,45,
404,98,OLD_ROD,ANY,60,10,10,
404,116,OLD_ROD,ANY,30,10,10,
404,366,OLD_ROD,ANY,5,10,10,
404,366,OLD_ROD,ANY,4,10,10,
404,366,OLD_ROD,ANY,1,10,10,
404,98,GOOD_ROD,ANY,60,25,25,
404,116,GOOD_ROD,ANY,30,25,25,
404,366,GOOD_ROD,ANY,5,25,25,
404,366,GOOD_ROD,ANY,4,25,25,
404,366,GOOD_ROD,ANY,1,25,25,
404,99,SUPER_ROD,ANY,60,50,50,
404,117,SUPER_ROD,ANY,30,50,50,
404,367,SUPER_ROD,ANY,5,50,50,
404,368,SUPER_ROD,ANY,4,50,50,
404,368,SUPER_ROD,ANY,1,50,50,
407,125,WALK,ANY,20,54,54,
407,419,WALK,ANY,20,54,54,
407,404,WALK,MORNING,10,54,54,
407,441,WALK,MORNING,10,54,54,
407,279,WALK,ANY,10,54,54,
407,180,WALK,ANY,10,54,54,
407,122,WALK,ANY,5,54,54,
407,432,WALK,ANY,5,54,54,
407,122,WALK,ANY,4,54,54,
407,432,WALK,ANY,4,54,54,
407,122,WALK,ANY,1,54,54,
407,432,WALK,ANY,1,54,54,
407,404,SWARM,ANY,20,54,54,Swarm
407,404,WALK,DAY,10,54,54,
407,441,WALK,DAY,10,54,54,
407,404,WALK,NIGHT,10,54,54,
407,441,WALK,NIGHT,10,54,54,
407,301,RADAR,ANY,20,54,54,PokeRadar
407,26,WALK,ANY,10,54,54,Incense Burner (Alolan form)
407,26,WALK,ANY,10,54,54,Incense Burner (Alolan form)
407,864,SURF,ANY,30,55,55,Surfing + Incense Burner
407,72,SURF,ANY,60,55,55,
407,278,SURF,ANY,30,55,55,
407,73,SURF,ANY,5,55,55,
407,279,SURF,ANY,4,55,55,
407,279,SURF,ANY,1,55,55,
407,129,OLD_ROD,ANY,60,10,10,
407,223,OLD_ROD,ANY,30,10,10,
407,320,OLD_ROD,ANY,5,10,10,
407,320,OLD_ROD,ANY,4,10,10,
407,320,OLD_ROD,ANY,1,10,10,
407,129,GOOD_ROD,ANY,60,25,25,
407,223,GOOD_ROD,ANY,30,25,25,
407,320,GOOD_ROD,ANY,5,25,25,
407,320,GOOD_ROD,ANY,4,25,25,
407,320,GOOD_ROD,ANY,1,25,25,
407,130,SUPER_ROD,ANY,60,50,50,
407,320,SUPER_ROD,ANY,30,50,50,
407,224,SUPER_ROD,ANY,5,50,50,
407,321,SUPER_ROD,ANY,4,50,50,
407,321,SUPER_ROD,ANY,1,50,50,
411,267,WALK,ANY,20,59,59,
411,269,WALK,ANY,20,59,59,
411,70,WALK,MORNING,10,59,59,
411,441,WALK,MORNING,10,59,59,
411,315,WALK,ANY,10,59,59,
411,423,WALK,ANY,10,59,59,East Sea form
411,213,WALK,ANY,5,59,59,
411,178,WALK,ANY,5,59,59,
411,213,WALK,ANY,4,59,59,
411,178,WALK,ANY,4,59,59,
411,213,WALK,ANY,1,59,59,
411,178,WALK,ANY,1,59,59,
411,70,SWARM,ANY,20,59,59,Swarm
411,70,WALK,DAY,10,59,59,
411,441,WALK,DAY,10,59,59,
411,70,WALK,NIGHT,10,59,59,
411,44,WALK,NIGHT,10,59,59,
411,178,RADAR,ANY,20,59,59,PokeRadar
411,101,WALK,ANY,10,59,59,Incense Burner (Hisuian form)
411,101,WALK,ANY,10,59,59,Incense Burner (Hisuian form)
411,80,SURF,ANY,30,60,60,Surfing + Incense Burner (Galarian form)
411,73,SURF,ANY,60,60,60,
411,279,SURF,ANY,30,60,60,
411,423,SURF,ANY,5,60,60,East Sea form
411,423,SURF,ANY,4,60,60,East Sea form
411,423,SURF,ANY,1,60,60,East Sea form
411,129,OLD_ROD,ANY,60,10,10,
411,370,OLD_ROD,ANY,30,10,10,
411,222,OLD_ROD,ANY,5,10,10,
411,222,OLD_ROD,ANY,4,10,10,
411,222,OLD_ROD,ANY,1,10,10,
411,129,GOOD_ROD,ANY,60,25,25,
411,370,GOOD_ROD,ANY,30,25,25,
411,222,GOOD_ROD,ANY,5,25,25,
411,222,GOOD_ROD,ANY,4,25,25,
411,222,GOOD_ROD,ANY,1,25,25,
411,130,SUPER_ROD,ANY,60,50,50,
411,370,SUPER_ROD,ANY,30,50,50,
411,222,SUPER_ROD,ANY,5,50,50,
411,222,SUPER_ROD,ANY,4,50,50,
411,222,SUPER_ROD,ANY,1,50,50,
412,22,WALK,ANY,20,67,67,
412,67,WALK,ANY,20,67,67,
412,75,WALK,MORNING,10,67,67,
412,75,WALK,MORNING,10,67,67,
412,20,WALK,ANY,10,67,67,
412,57,WALK,ANY,10,67,67,
412,20,WALK,ANY,5,67,67,
412,57,WALK,ANY,5,67,67,
412,297,WALK,ANY,4,67,67,
412,326,WALK,ANY,4,67,67,
412,297,WALK,ANY,1,67,67,
412,326,WALK,ANY,1,67,67,
412,75,SWARM,ANY,20,67,67,Swarm
412,75,WALK,DAY,10,67,67,
412,75,WALK,DAY,10,67,67,
412,75,WALK,NIGHT,10,67,67,
412,75,WALK,NIGHT,10,67,67,
412,326,RADAR,ANY,20,67,67,PokeRadar
412,53,WALK,ANY,10,67,67,Incense Burner (Alolan form)
412,53,WALK,ANY,10,67,67,Incense Burner (Alolan form)
412,864,SURF,ANY,30,67,67,Surfing + Incense Burner
412,61,SURF,ANY,60,67,67,
412,55,SURF,ANY,30,67,67,
412,55,SURF,ANY,5,67,67,
412,55,SURF,ANY,4,67,67,
412,55,SURF,ANY,1,67,67,
412,129,OLD_ROD,ANY,60,10,10,
412,339,OLD_ROD,ANY,30,10,10,
412,339,OLD_ROD,ANY,5,10,10,
412,129,OLD_ROD,ANY,4,10,10,
412,129,OLD_ROD,ANY,1,10,10,
412,129,GOOD_ROD,ANY,60,25,25,
412,339,GOOD_ROD,ANY,30,25,25,
412,339,GOOD_ROD,ANY,5,25,25,
412,339,GOOD_ROD,ANY,4,25,25,
412,339,GOOD_ROD,ANY,1,25,25,
412,130,SUPER_ROD,ANY,60,67,67,
412,340,SUPER_ROD,ANY,30,67,67,
412,130,SUPER_ROD,ANY,5,67,67,
412,340,SUPER_ROD,ANY,4,67,67,
412,340,SUPER_ROD,ANY,1,67,67,
414,323,WALK,ANY,20,67,67,
414,112,WALK,ANY,20,67,67,
414,227,WALK,MORNING,10,67,67,
414,207,WALK,MORNING,10,67,67,
414,327,WALK,ANY,10,67,67,
414,324,WALK,ANY,10,67,67,
414,110,WALK,ANY,5,67,67,
414,110,WALK,ANY,5,67,67,
414,227,WALK,ANY,4,67,67,
414,207,WALK,ANY,4,67,67,
414,227,WALK,ANY,1,67,67,
414,207,WALK,ANY,1,67,67,
414,227,SWARM,ANY,20,67,67,Swarm
414,227,WALK,DAY,10,67,67,
414,207,WALK,DAY,10,67,67,
414,227,WALK,NIGHT,10,67,67,
414,207,WALK,NIGHT,10,67,67,
414,207,RADAR,ANY,20,67,67,PokeRadar
414,863,WALK,ANY,10,67,67,Incense Burner
414,863,WALK,ANY,10,67,67,Incense Burner
414,199,SURF,ANY,30,67,67,Surfing + Incense Burner (Galarian form)
414,61,SURF,ANY,60,67,67,
414,61,SURF,ANY,30,67,67,
414,61,SURF,ANY,5,67,67,
414,61,SURF,ANY,4,67,67,
414,61,SURF,ANY,1,67,67,
414,129,OLD_ROD,ANY,60,10,10,
414,339,OLD_ROD,ANY,30,10,10,
414,129,OLD_ROD,ANY,5,10,10,
414,339,OLD_ROD,ANY,4,10,10,
414,339,OLD_ROD,ANY,1,10,10,
414,129,GOOD_ROD,ANY,60,25,25,
414,339,GOOD_ROD,ANY,30,25,25,
414,129,GOOD_ROD,ANY,5,25,25,
414,339,GOOD_ROD,ANY,4,25,25,
414,339,GOOD_ROD,ANY,1,25,25,
414,130,SUPER_ROD,ANY,60,67,67,
414,340,SUPER_ROD,ANY,30,67,67,
414,130,SUPER_ROD,ANY,5,67,67,
414,340,SUPER_ROD,ANY,4,67,67,
414,340,SUPER_ROD,ANY,1,67,67,
416,332,WALK,ANY,20,67,67,
416,228,WALK,ANY,20,67,67,
416,51,WALK,MORNING,10,67,67,
416,51,WALK,MORNING,10,67,67,
416,329,WALK,ANY,10,67,67,
416,344,WALK,ANY,10,67,67,
416,375,WALK,ANY,5,67,67,
416,444,WALK,ANY,5,67,67,
416,450,WALK,ANY,4,67,67,
416,450,WALK,ANY,4,67,67,
416,450,WALK,ANY,1,67,67,
416,450,WALK,ANY,1,67,67,
416,51,SWARM,ANY,20,67,67,Swarm
416,51,WALK,DAY,10,67,67,
416,51,WALK,DAY,10,67,67,
416,51,WALK,NIGHT,10,67,67,
416,51,WALK,NIGHT,10,67,67,
416,450,RADAR,ANY,20,67,67,PokeRadar
416,51,WALK,ANY,10,67,67,Incense Burner (Alolan form)
416,51,WALK,ANY,10,67,67,Incense Burner (Alolan form)
416,864,SURF,ANY,30,67,67,Surfing + Incense Burner
416,61,SURF,ANY,60,67,67,
416,61,SURF,ANY,30,67,67,
416,61,SURF,ANY,5,67,67,
416,61,SURF,ANY,4,67,67,
416,61,SURF,ANY,1,67,67,
416,129,OLD_ROD,ANY,60,10,10,
416,339,OLD_ROD,ANY,30,10,10,
416,129,OLD_ROD,ANY,5,10,10,
416,339,OLD_ROD,ANY,4,10,10,
416,339,OLD_ROD,ANY,1,10,10,
416,129,GOOD_ROD,ANY,60,25,25,
416,339,GOOD_ROD,ANY,30,25,25,
416,129,GOOD_ROD,ANY,5,25,25,
416,339,GOOD_ROD,ANY,4,25,25,
416,339,GOOD_ROD,ANY,1,25,25,
416,130,SUPER_ROD,ANY,60,67,67,
416,340,SUPER_ROD,ANY,30,67,67,
416,130,SUPER_ROD,ANY,5,67,67,
416,340,SUPER_ROD,ANY,4,67,67,
416,340,SUPER_ROD,ANY,1,67,67,
420,123,WALK,ANY,20,67,67,
420,127,WALK,ANY,20,67,67,
420,166,WALK,MORNING,10,67,67,
420,166,WALK,MORNING,10,67,67,
420,49,WALK,ANY,10,67,67,
420,315,WALK,ANY,10,67,67,
420,315,WALK,ANY,5,67,67,
420,70,WALK,ANY,5,67,67,
420,314,WALK,ANY,4,67,67,
420,313,WALK,ANY,4,67,67,
420,314,WALK,ANY,1,67,67,
420,313,WALK,ANY,1,67,67,
420,166,SWARM,ANY,20,67,67,Swarm
420,191,WALK,DAY,10,67,67,
420,191,WALK,DAY,10,67,67,
420,168,WALK,NIGHT,10,67,67,
420,168,WALK,NIGHT,10,67,67,
420,313,RADAR,ANY,20,67,67,PokeRadar
420,103,WALK,ANY,10,67,67,Incense Burner (Alolan form)
420,103,WALK,ANY,10,67,67,Incense Burner (Alolan form)
420,80,SURF,ANY,30,67,67,Surfing + Incense Burner (Galarian form)
420,284,SURF,ANY,60,67,67,
420,284,SURF,ANY,30,67,67,
420,284,SURF,ANY,5,67,67,
420,284,SURF,ANY,4,67,67,
420,284,SURF,ANY,1,67,67,
420,129,OLD_ROD,ANY,60,10,10,
420,118,OLD_ROD,ANY,30,10,10,
420,129,OLD_ROD,ANY,5,10,10,
420,118,OLD_ROD,ANY,4,10,10,
420,118,OLD_ROD,ANY,1,10,10,
420,129,GOOD_ROD,ANY,60,25,25,
420,118,GOOD_ROD,ANY,30,25,25,
420,129,GOOD_ROD,ANY,5,25,25,
420,118,GOOD_ROD,ANY,4,25,25,
420,118,GOOD_ROD,ANY,1,25,25,
420,130,SUPER_ROD,ANY,60,67,67,
420,119,SUPER_ROD,ANY,30,67,67,
420,130,SUPER_ROD,ANY,5,67,67,
420,119,SUPER_ROD,ANY,4,67,67,
420,119,SUPER_ROD,ANY,1,67,67,
422,211,SURF,ANY,30,40,40,Surfing + Incense Burner (Hisuian form)
422,54,SURF,ANY,60,40,40,
422,54,SURF,ANY,30,40,40,
422,55,SURF,ANY,5,40,40,
422,55,SURF,ANY,4,40,40,
422,55,SURF,ANY,1,40,40,
422,129,OLD_ROD,ANY,60,10,10,
422,60,OLD_ROD,ANY,30,10,10,
422,129,OLD_ROD,ANY,5,10,10,
422,60,OLD_ROD,ANY,4,10,10,
422,60,OLD_ROD,ANY,1,10,10,
422,129,GOOD_ROD,ANY,60,25,25,
422,60,GOOD_ROD,ANY,30,25,25,
422,129,GOOD_ROD,ANY,5,25,25,
422,60,GOOD_ROD,ANY,4,25,25,
422,60,GOOD_ROD,ANY,1,25,25,
422,130,SUPER_ROD,ANY,60,50,50,
422,61,SUPER_ROD,ANY,30,50,50,
422,130,SUPER_ROD,ANY,5,50,50,
422,61,SUPER_ROD,ANY,4,50,50,
422,61,SUPER_ROD,ANY,1,50,50,
456,222,SURF,ANY,30,40,40,Surfing + Incense Burner (Galarian form)
456,54,SURF,ANY,60,40,40,
456,54,SURF,ANY,30,40,40,
456,55,SURF,ANY,5,40,40,
456,55,SURF,ANY,4,40,40,
456,55,SURF,ANY,1,40,40,
456,129,OLD_ROD,ANY,60,10,10,
456,129,OLD_ROD,ANY,30,10,10,
456,369,OLD_ROD,ANY,5,10,10,
456,369,OLD_ROD,ANY,4,10,10,
456,369,OLD_ROD,ANY,1,10,10,
456,129,GOOD_ROD,ANY,60,25,25,
456,129,GOOD_ROD,ANY,30,25,25,
456,369,GOOD_ROD,ANY,5,25,25,
456,369,GOOD_ROD,ANY,4,25,25,
456,369,GOOD_ROD,ANY,1,25,25,
456,130,SUPER_ROD,ANY,60,50,50,
456,130,SUPER_ROD,ANY,30,50,50,
456,369,SUPER_ROD,ANY,5,50,50,
456,369,SUPER_ROD,ANY,4,50,50,
456,369,SUPER_ROD,ANY,1,50,50,
473,129,SURF,ANY,30,1,100,Surfing + Incense Burner
473,129,SURF,ANY,60,1,100,
473,129,SURF,ANY,30,1,100,
473,129,SURF,ANY,5,1,100,
473,129,SURF,ANY,4,1,100,
473,129,SURF,ANY,1,1,100,
473,129,OLD_ROD,ANY,60,1,100,
473,129,OLD_ROD,ANY,30,1,100,
473,129,OLD_ROD,ANY,5,1,100,
473,129,OLD_ROD,ANY,4,1,100,
473,129,OLD_ROD,ANY,1,1,100,
473,129,GOOD_ROD,ANY,60,1,100,
473,129,GOOD_ROD,ANY,30,1,100,
473,129,GOOD_ROD,ANY,5,1,100,
473,129,GOOD_ROD,ANY,4,1,100,
473,129,GOOD_ROD,ANY,1,1,100,
473,129,SUPER_ROD,ANY,60,1,100,
473,129,SUPER_ROD,ANY,30,1,100,
473,129,SUPER_ROD,ANY,5,1,100,
473,129,SUPER_ROD,ANY,4,1,100,
473,129,SUPER_ROD,ANY,1,1,100,
485,80,SURF,ANY,30,45,45,Surfing + Incense Burner (Galarian form)
485,278,SURF,ANY,60,45,45,
485,458,SURF,ANY,30,45,45,
485,279,SURF,ANY,5,45,45,
485,226,SURF,ANY,4,45,45,
485,226,SURF,ANY,1,45,45,
485,370,OLD_ROD,ANY,60,10,10,
485,116,OLD_ROD,ANY,30,10,10,
485,222,OLD_ROD,ANY,5,10,10,
485,222,OLD_ROD,ANY,4,10,10,
485,222,OLD_ROD,ANY,1,10,10,
485,370,GOOD_ROD,ANY,60,25,25,
485,116,GOOD_ROD,ANY,30,25,25,
485,222,GOOD_ROD,ANY,5,25,25,
485,222,GOOD_ROD,ANY,4,25,25,
485,222,GOOD_ROD,ANY,1,25,25,
485,370,SUPER_ROD,ANY,60,50,50,
485,117,SUPER_ROD,ANY,30,50,50,
485,222,SUPER_ROD,ANY,5,50,50,
485,222,SUPER_ROD,ANY,4,50,50,
485,222,SUPER_ROD,ANY,1,50,50,
486,864,SURF,ANY,30,60,60,Surfing + Incense Burner
486,73,SURF,ANY,60,60,60,
486,279,SURF,ANY,30,60,60,
486,226,SURF,ANY,5,60,60,
486,226,SURF,ANY,4,60,60,
486,226,SURF,ANY,1,60,60,
486,129,OLD_ROD,ANY,60,10,10,
486,223,OLD_ROD,ANY,30,10,10,
486,320,OLD_ROD,ANY,5,10,10,
486,320,OLD_ROD,ANY,4,10,10,
486,320,OLD_ROD,ANY,1,10,10,
486,129,GOOD_ROD,ANY,60,25,25,
486,223,GOOD_ROD,ANY,30,25,25,
486,320,GOOD_ROD,ANY,5,25,25,
486,320,GOOD_ROD,ANY,4,25,25,
486,320,GOOD_ROD,ANY,1,25,25,
486,130,SUPER_ROD,ANY,60,50,50,
486,320,SUPER_ROD,ANY,30,50,50,
486,224,SUPER_ROD,ANY,5,50,50,
486,321,SUPER_ROD,ANY,4,50,50,
486,321,SUPER_ROD,ANY,1,50,50,
487,22,WALK,ANY,20,67,67,
487,20,WALK,ANY,20,67,67,
487,24,WALK,MORNING,10,67,67,
487,28,WALK,MORNING,10,67,67,
487,78,WALK,ANY,10,67,67,
487,85,WALK,ANY,10,67,67,
487,99,WALK,ANY,5,67,67,
487,99,WALK,ANY,5,67,67,
487,24,WALK,ANY,4,67,67,
487,28,WALK,ANY,4,67,67,
487,24,WALK,ANY,1,67,67,
487,28,WALK,ANY,1,67,67,
487,24,SWARM,ANY,20,67,67,Swarm
487,24,WALK,DAY,10,67,67,
487,28,WALK,DAY,10,67,67,
487,24,WALK,NIGHT,10,67,67,
487,28,WALK,NIGHT,10,67,67,
487,28,RADAR,ANY,20,67,67,PokeRadar
487,78,WALK,ANY,10,67,67,Incense Burner (Galarian form)
487,78,WALK,ANY,10,67,67,Incense Burner (Galarian form)
487,904,SURF,ANY,30,67,67,Surfing + Incense Burner
487,278,SURF,ANY,60,67,67,
487,279,SURF,ANY,30,67,67,
487,73,SURF,ANY,5,67,67,
487,73,SURF,ANY,4,67,67,
487,73,SURF,ANY,1,67,67,
487,129,OLD_ROD,ANY,60,10,10,
487,116,OLD_ROD,ANY,30,10,10,
487,369,OLD_ROD,ANY,5,10,10,
487,369,OLD_ROD,ANY,4,10,10,
487,369,OLD_ROD,ANY,1,10,10,
487,129,GOOD_ROD,ANY,60,25,25,
487,116,GOOD_ROD,ANY,30,25,25,
487,369,GOOD_ROD,ANY,5,25,25,
487,369,GOOD_ROD,ANY,4,25,25,
487,369,GOOD_ROD,ANY,1,25,25,
487,130,SUPER_ROD,ANY,60,67,67,
487,117,SUPER_ROD,ANY,30,67,67,
487,369,SUPER_ROD,ANY,5,67,67,
487,369,SUPER_ROD,ANY,4,67,67,
487,369,SUPER_ROD,ANY,1,67,67,
489,279,WALK,ANY,20,67,67,
489,419,WALK,ANY,20,67,67,
489,423,WALK,MORNING,10,67,67,East Sea form
489,55,WALK,MORNING,10,67,67,
489,336,WALK,ANY,10,67,67,
489,335,WALK,ANY,10,67,67,
489,423,WALK,ANY,5,67,67,East Sea form
489,176,WALK,ANY,5,67,67,
489,357,WALK,ANY,4,67,67,
489,357,WALK,ANY,4,67,67,
489,357,WALK,ANY,1,67,67,
489,357,WALK,ANY,1,67,67,
489,423,SWARM,ANY,20,67,67,Swarm
489,423,WALK,DAY,10,67,67,East Sea form
489,55,WALK,DAY,10,67,67,
489,423,WALK,NIGHT,10,67,67,East Sea form
489,55,WALK,NIGHT,10,67,67,
489,235,RADAR,ANY,20,67,67,PokeRadar
489,862,WALK,ANY,10,67,67,Incense Burner
489,862,WALK,ANY,10,67,67,Incense Burner
489,199,SURF,ANY,30,67,67,Surfing + Incense Burner (Galarian form)
489,364,SURF,ANY,60,67,67,
489,73,SURF,ANY,30,67,67,
489,73,SURF,ANY,5,67,67,
489,73,SURF,ANY,4,67,67,
489,73,SURF,ANY,1,67,67,
489,129,OLD_ROD,ANY,60,10,10,
489,222,OLD_ROD,ANY,30,10,10,
489,320,OLD_ROD,ANY,5,10,10,
489,320,OLD_ROD,ANY,4,10,10,
489,320,OLD_ROD,ANY,1,10,10,
489,129,GOOD_ROD,ANY,60,25,25,
489,222,GOOD_ROD,ANY,30,25,25,
489,320,GOOD_ROD,ANY,5,25,25,
489,320,GOOD_ROD,ANY,4,25,25,
489,320,GOOD_ROD,ANY,1,25,25,
489,130,SUPER_ROD,ANY,60,67,67,
489,222,SUPER_ROD,ANY,30,67,67,
489,321,SUPER_ROD,ANY,5,67,67,
489,321,SUPER_ROD,ANY,4,67,67,
489,321,SUPER_ROD,ANY,1,67,67,
